order,block,rows,repeat,backend,operation,mode,phase,data_seed,schedule_seed,load_before,telemetry_before,valid,elapsed_seconds,process_cpu_seconds,peak_rss_bytes,baseline_peak_rss_bytes,end_peak_rss_bytes,import_and_startup_seconds,source_load_seconds,prepare_seconds,prime_seconds,validation_seconds,result_rows,result_sha256,started_utc,finished_utc,thread_settings,returncode,worker_wall_seconds,telemetry_after,load_after
1,1,1000000,2,python,group,warm,main,20261001,73129,"[4.73779296875, 3.91943359375, 3.455078125]","{""load_average"": [4.73779296875, 3.91943359375, 3.455078125], ""Pages free"": 8015, ""Pages throttled"": 0, ""Pageouts"": 251146, ""Swapouts"": 1206130}",True,0.071827584,0.071569,288096256,31932416,288129024,0.046701874998689163,0.009651959,0.101902666,0.071066875,7.1375e-05,64,824d3af0f5a10249cdced0440fd58546e3299cf6ce1e26d118b5bb1530adc7c3,2026-10-01T18:16:24.521888+00:00,2026-10-01T18:16:24.824640+00:00,"{""OMP_NUM_THREADS"": ""1"", ""OPENBLAS_NUM_THREADS"": ""1"", ""MKL_NUM_THREADS"": ""1"", ""VECLIB_MAXIMUM_THREADS"": ""1"", ""NUMEXPR_NUM_THREADS"": ""1""}",0,0.4007036249968223,"{""load_average"": [4.73779296875, 3.91943359375, 3.455078125], ""Pages free"": 20891, ""Pages throttled"": 0, ""Pageouts"": 251241, ""Swapouts"": 1206130}","[4.73779296875, 3.91943359375, 3.455078125]"
2,1,1000000,2,sqlite,filter,cold,main,20261001,73129,"[4.73779296875, 3.91943359375, 3.455078125]","{""load_average"": [4.73779296875, 3.91943359375, 3.455078125], ""Pages free"": 20621, ""Pages throttled"": 0, ""Pageouts"": 251241, ""Swapouts"": 1206130}",True,0.521708459,0.515854,119455744,31899648,119619584,0.04582900000241352,0.010069209,0.447790291,0.0,0.025109041,113946,650d5b611ec563af2c2f8123abcefad606ffc91351ffe5b9d50dacbf0041e51e,2026-10-01T18:16:24.930979+00:00,2026-10-01T18:16:25.478029+00:00,"{""OMP_NUM_THREADS"": ""1"", ""OPENBLAS_NUM_THREADS"": ""1"", ""MKL_NUM_THREADS"": ""1"", ""VECLIB_MAXIMUM_THREADS"": ""1"", ""NUMEXPR_NUM_THREADS"": ""1""}",0,0.6183644580014516,"{""load_average"": [4.73779296875, 3.91943359375, 3.455078125], ""Pages free"": 10700, ""Pages throttled"": 0, ""Pageouts"": 251241, ""Swapouts"": 1206130}","[4.73779296875, 3.91943359375, 3.455078125]"
3,1,1000000,2,python,filter,cold,main,20261001,73129,"[4.73779296875, 3.91943359375, 3.455078125]","{""load_average"": [4.73779296875, 3.91943359375, 3.455078125], ""Pages free"": 10689, ""Pages throttled"": 0, ""Pageouts"": 251241, ""Swapouts"": 1206130}",True,0.226877375,0.22438599999999997,295419904,31850496,295583744,0.04621562499960419,0.009518542,0.101235,0.0,0.028073959,113946,650d5b611ec563af2c2f8123abcefad606ffc91351ffe5b9d50dacbf0041e51e,2026-10-01T18:16:25.557751+00:00,2026-10-01T18:16:25.812888+00:00,"{""OMP_NUM_THREADS"": ""1"", ""OPENBLAS_NUM_THREADS"": ""1"", ""MKL_NUM_THREADS"": ""1"", ""VECLIB_MAXIMUM_THREADS"": ""1"", ""NUMEXPR_NUM_THREADS"": ""1""}",0,0.36058300000149757,"{""load_average"": [4.73779296875, 3.91943359375, 3.455078125], ""Pages free"": 21586, ""Pages throttled"": 0, ""Pageouts"": 251241, ""Swapouts"": 1206130}","[4.73779296875, 3.91943359375, 3.455078125]"
4,1,1000000,2,pandas,filter,warm,main,20261001,73129,"[4.73779296875, 3.91943359375, 3.455078125]","{""load_average"": [4.73779296875, 3.91943359375, 3.455078125], ""Pages free"": 21302, ""Pages throttled"": 0, ""Pageouts"": 251241, ""Swapouts"": 1206130}",True,0.017211292,0.017146999999999996,149766144,68911104,149929984,0.23591212499741232,0.007943125,0.0027235,0.023149,0.026333833,113946,650d5b611ec563af2c2f8123abcefad606ffc91351ffe5b9d50dacbf0041e51e,2026-10-01T18:16:26.117497+00:00,2026-10-01T18:16:26.202594+00:00,"{""OMP_NUM_THREADS"": ""1"", ""OPENBLAS_NUM_THREADS"": ""1"", ""MKL_NUM_THREADS"": ""1"", ""VECLIB_MAXIMUM_THREADS"": ""1"", ""NUMEXPR_NUM_THREADS"": ""1""}",0,0.36083474999759346,"{""load_average"": [4.73779296875, 3.91943359375, 3.455078125], ""Pages free"": 21088, ""Pages throttled"": 0, ""Pageouts"": 251241, ""Swapouts"": 1206130}","[4.73779296875, 3.91943359375, 3.455078125]"
5,1,1000000,2,pandas,group,cold,main,20261001,73129,"[4.73779296875, 3.91943359375, 3.455078125]","{""load_average"": [4.73779296875, 3.91943359375, 3.455078125], ""Pages free"": 21314, ""Pages throttled"": 0, ""Pageouts"": 251241, ""Swapouts"": 1206130}",True,0.018387542,0.016842999999999997,129105920,68993024,129138688,0.2339700000011362,0.007635375,0.000175292,0.0,4.4167e-05,64,824d3af0f5a10249cdced0440fd58546e3299cf6ce1e26d118b5bb1530adc7c3,2026-10-01T18:16:26.484229+00:00,2026-10-01T18:16:26.503029+00:00,"{""OMP_NUM_THREADS"": ""1"", ""OPENBLAS_NUM_THREADS"": ""1"", ""MKL_NUM_THREADS"": ""1"", ""VECLIB_MAXIMUM_THREADS"": ""1"", ""NUMEXPR_NUM_THREADS"": ""1""}",0,0.290304832997208,"{""load_average"": [4.73779296875, 3.91943359375, 3.455078125], ""Pages free"": 21178, ""Pages throttled"": 0, ""Pageouts"": 251241, ""Swapouts"": 1206130}","[4.73779296875, 3.91943359375, 3.455078125]"
6,1,1000000,2,pandas,join,cold,main,20261001,73129,"[4.73779296875, 3.91943359375, 3.455078125]","{""load_average"": [4.73779296875, 3.91943359375, 3.455078125], ""Pages free"": 22631, ""Pages throttled"": 0, ""Pageouts"": 251241, ""Swapouts"": 1206130}",True,0.051940292,0.04950199999999999,241238016,69173248,241270784,0.2620506250023027,0.008393709,0.000174625,0.0,3.4e-05,8,9c4d4bed2506ea48344b9a1feb663161886647b4c790245fc45905fe3386c8e8,2026-10-01T18:16:26.813999+00:00,2026-10-01T18:16:26.866294+00:00,"{""OMP_NUM_THREADS"": ""1"", ""OPENBLAS_NUM_THREADS"": ""1"", ""MKL_NUM_THREADS"": ""1"", ""VECLIB_MAXIMUM_THREADS"": ""1"", ""NUMEXPR_NUM_THREADS"": ""1""}",0,0.36078850000194507,"{""load_average"": [5.2392578125, 4.03662109375, 3.4990234375], ""Pages free"": 19211, ""Pages throttled"": 0, ""Pageouts"": 251241, ""Swapouts"": 1206130}","[5.2392578125, 4.03662109375, 3.4990234375]"
7,1,1000000,2,sqlite,group,warm,main,20261001,73129,"[5.2392578125, 4.03662109375, 3.4990234375]","{""load_average"": [5.2392578125, 4.03662109375, 3.4990234375], ""Pages free"": 19209, ""Pages throttled"": 0, ""Pageouts"": 251241, ""Swapouts"": 1206130}",True,0.433135583,0.42217800000000005,135528448,31866880,135561216,0.05051091699715471,0.011697625,0.468617208,0.431621458,6.7625e-05,64,824d3af0f5a10249cdced0440fd58546e3299cf6ce1e26d118b5bb1530adc7c3,2026-10-01T18:16:26.972244+00:00,2026-10-01T18:16:28.319874+00:00,"{""OMP_NUM_THREADS"": ""1"", ""OPENBLAS_NUM_THREADS"": ""1"", ""MKL_NUM_THREADS"": ""1"", ""VECLIB_MAXIMUM_THREADS"": ""1"", ""NUMEXPR_NUM_THREADS"": ""1""}",0,1.4233763750016806,"{""load_average"": [5.2392578125, 4.03662109375, 3.4990234375], ""Pages free"": 16598, ""Pages throttled"": 0, ""Pageouts"": 251241, ""Swapouts"": 1206130}","[5.2392578125, 4.03662109375, 3.4990234375]"
8,1,1000000,2,pandas,join,warm,main,20261001,73129,"[5.2392578125, 4.03662109375, 3.4990234375]","{""load_average"": [5.2392578125, 4.03662109375, 3.4990234375], ""Pages free"": 16577, ""Pages throttled"": 0, ""Pageouts"": 251241, ""Swapouts"": 1206130}",True,0.027880584,0.027795000000000014,240926720,68845568,240959488,0.2309300839988282,0.007576625,0.000171708,0.03690175,7.6417e-05,8,9c4d4bed2506ea48344b9a1feb663161886647b4c790245fc45905fe3386c8e8,2026-10-01T18:16:28.582648+00:00,2026-10-01T18:16:28.661327+00:00,"{""OMP_NUM_THREADS"": ""1"", ""OPENBLAS_NUM_THREADS"": ""1"", ""MKL_NUM_THREADS"": ""1"", ""VECLIB_MAXIMUM_THREADS"": ""1"", ""NUMEXPR_NUM_THREADS"": ""1""}",0,0.34941549999348354,"{""load_average"": [5.2392578125, 4.03662109375, 3.4990234375], ""Pages free"": 17340, ""Pages throttled"": 0, ""Pageouts"": 251241, ""Swapouts"": 1206130}","[5.2392578125, 4.03662109375, 3.4990234375]"
9,1,1000000,2,python,filter,warm,main,20261001,73129,"[5.2392578125, 4.03662109375, 3.4990234375]","{""load_average"": [5.2392578125, 4.03662109375, 3.4990234375], ""Pages free"": 17311, ""Pages throttled"": 0, ""Pageouts"": 251241, ""Swapouts"": 1206130}",True,0.026625791,0.026570999999999956,295501824,31899648,295665664,0.0508227500031353,0.010294917,0.09791725,0.114045,0.027791459,113946,650d5b611ec563af2c2f8123abcefad606ffc91351ffe5b9d50dacbf0041e51e,2026-10-01T18:16:28.760868+00:00,2026-10-01T18:16:29.085414+00:00,"{""OMP_NUM_THREADS"": ""1"", ""OPENBLAS_NUM_THREADS"": ""1"", ""MKL_NUM_THREADS"": ""1"", ""VECLIB_MAXIMUM_THREADS"": ""1"", ""NUMEXPR_NUM_THREADS"": ""1""}",0,0.43606904199987184,"{""load_average"": [5.2392578125, 4.03662109375, 3.4990234375], ""Pages free"": 20955, ""Pages throttled"": 0, ""Pageouts"": 251241, ""Swapouts"": 1206130}","[5.2392578125, 4.03662109375, 3.4990234375]"
10,1,1000000,2,sqlite,filter,warm,main,20261001,73129,"[5.2392578125, 4.03662109375, 3.4990234375]","{""load_average"": [5.2392578125, 4.03662109375, 3.4990234375], ""Pages free"": 21186, ""Pages throttled"": 0, ""Pageouts"": 251241, ""Swapouts"": 1206130}",True,0.064651,0.06429099999999999,119390208,31768576,119554048,0.04474016700260108,0.009465,0.439879375,0.064353375,0.025910875,113946,650d5b611ec563af2c2f8123abcefad606ffc91351ffe5b9d50dacbf0041e51e,2026-10-01T18:16:29.200194+00:00,2026-10-01T18:16:29.808555+00:00,"{""OMP_NUM_THREADS"": ""1"", ""OPENBLAS_NUM_THREADS"": ""1"", ""MKL_NUM_THREADS"": ""1"", ""VECLIB_MAXIMUM_THREADS"": ""1"", ""NUMEXPR_NUM_THREADS"": ""1""}",0,0.6795560000027763,"{""load_average"": [5.2392578125, 4.03662109375, 3.4990234375], ""Pages free"": 20711, ""Pages throttled"": 0, ""Pageouts"": 251241, ""Swapouts"": 1206130}","[5.2392578125, 4.03662109375, 3.4990234375]"
11,1,1000000,2,sqlite,join,cold,main,20261001,73129,"[5.2392578125, 4.03662109375, 3.4990234375]","{""load_average"": [5.2392578125, 4.03662109375, 3.4990234375], ""Pages free"": 20936, ""Pages throttled"": 0, ""Pageouts"": 251241, ""Swapouts"": 1206130}",True,0.767795084,0.7634110000000001,135118848,31899648,135151616,0.04722412499540951,0.010471667,0.43484625,0.0,5.4208e-05,8,9c4d4bed2506ea48344b9a1feb663161886647b4c790245fc45905fe3386c8e8,2026-10-01T18:16:29.889965+00:00,2026-10-01T18:16:30.658090+00:00,"{""OMP_NUM_THREADS"": ""1"", ""OPENBLAS_NUM_THREADS"": ""1"", ""MKL_NUM_THREADS"": ""1"", ""VECLIB_MAXIMUM_THREADS"": ""1"", ""NUMEXPR_NUM_THREADS"": ""1""}",0,0.8397963750030613,"{""load_average"": [5.2392578125, 4.03662109375, 3.4990234375], ""Pages free"": 20604, ""Pages throttled"": 0, ""Pageouts"": 251241, ""Swapouts"": 1206130}","[5.2392578125, 4.03662109375, 3.4990234375]"
12,1,1000000,2,pandas,filter,cold,main,20261001,73129,"[5.2392578125, 4.03662109375, 3.4990234375]","{""load_average"": [5.2392578125, 4.03662109375, 3.4990234375], ""Pages free"": 20829, ""Pages throttled"": 0, ""Pageouts"": 251241, ""Swapouts"": 1206130}",True,0.028497791,0.027878999999999987,149667840,68829184,149831680,0.24332666699774563,0.008164958,0.000172625,0.0,0.026533,113946,650d5b611ec563af2c2f8123abcefad606ffc91351ffe5b9d50dacbf0041e51e,2026-10-01T18:16:30.933342+00:00,2026-10-01T18:16:30.988765+00:00,"{""OMP_NUM_THREADS"": ""1"", ""OPENBLAS_NUM_THREADS"": ""1"", ""MKL_NUM_THREADS"": ""1"", ""VECLIB_MAXIMUM_THREADS"": ""1"", ""NUMEXPR_NUM_THREADS"": ""1""}",0,0.34041925000201445,"{""load_average"": [5.2392578125, 4.03662109375, 3.4990234375], ""Pages free"": 20633, ""Pages throttled"": 0, ""Pageouts"": 251241, ""Swapouts"": 1206130}","[5.2392578125, 4.03662109375, 3.4990234375]"
13,1,1000000,2,sqlite,join,warm,main,20261001,73129,"[5.2392578125, 4.03662109375, 3.4990234375]","{""load_average"": [5.2392578125, 4.03662109375, 3.4990234375], ""Pages free"": 20610, ""Pages throttled"": 0, ""Pageouts"": 251241, ""Swapouts"": 1206130}",True,0.453984791,0.3384409999999999,135151616,31850496,135184384,0.048077916995680425,0.009864125,0.434703375,0.322458875,5.0708e-05,8,9c4d4bed2506ea48344b9a1feb663161886647b4c790245fc45905fe3386c8e8,2026-10-01T18:16:31.087529+00:00,2026-10-01T18:16:32.310617+00:00,"{""OMP_NUM_THREADS"": ""1"", ""OPENBLAS_NUM_THREADS"": ""1"", ""MKL_NUM_THREADS"": ""1"", ""VECLIB_MAXIMUM_THREADS"": ""1"", ""NUMEXPR_NUM_THREADS"": ""1""}",0,1.2966982500001905,"{""load_average"": [4.9794921875, 4.00244140625, 3.490234375], ""Pages free"": 21131, ""Pages throttled"": 0, ""Pageouts"": 251241, ""Swapouts"": 1206130}","[4.9794921875, 4.00244140625, 3.490234375]"
14,1,1000000,2,python,group,cold,main,20261001,73129,"[4.9794921875, 4.00244140625, 3.490234375]","{""load_average"": [4.9794921875, 4.00244140625, 3.490234375], ""Pages free"": 20849, ""Pages throttled"": 0, ""Pageouts"": 251241, ""Swapouts"": 1206130}",True,0.175380292,0.173338,288014336,31834112,288047104,0.04721508299553534,0.010842167,0.091576125,0.0,6.8625e-05,64,824d3af0f5a10249cdced0440fd58546e3299cf6ce1e26d118b5bb1530adc7c3,2026-10-01T18:16:32.391952+00:00,2026-10-01T18:16:32.567838+00:00,"{""OMP_NUM_THREADS"": ""1"", ""OPENBLAS_NUM_THREADS"": ""1"", ""MKL_NUM_THREADS"": ""1"", ""VECLIB_MAXIMUM_THREADS"": ""1"", ""NUMEXPR_NUM_THREADS"": ""1""}",0,0.27978145799716003,"{""load_average"": [4.9794921875, 4.00244140625, 3.490234375], ""Pages free"": 21223, ""Pages throttled"": 0, ""Pageouts"": 251241, ""Swapouts"": 1206130}","[4.9794921875, 4.00244140625, 3.490234375]"
15,1,1000000,2,python,join,cold,main,20261001,73129,"[4.9794921875, 4.00244140625, 3.490234375]","{""load_average"": [4.9794921875, 4.00244140625, 3.490234375], ""Pages free"": 20935, ""Pages throttled"": 0, ""Pageouts"": 251241, ""Swapouts"": 1206130}",True,0.204262083,0.202991,288047104,31866880,288079872,0.0439588749941322,0.01001675,0.0907545,0.0,4.2625e-05,8,9c4d4bed2506ea48344b9a1feb663161886647b4c790245fc45905fe3386c8e8,2026-10-01T18:16:32.675252+00:00,2026-10-01T18:16:32.879751+00:00,"{""OMP_NUM_THREADS"": ""1"", ""OPENBLAS_NUM_THREADS"": ""1"", ""MKL_NUM_THREADS"": ""1"", ""VECLIB_MAXIMUM_THREADS"": ""1"", ""NUMEXPR_NUM_THREADS"": ""1""}",0,0.3028379999959725,"{""load_average"": [4.9794921875, 4.00244140625, 3.490234375], ""Pages free"": 23902, ""Pages throttled"": 0, ""Pageouts"": 251241, ""Swapouts"": 1206130}","[4.9794921875, 4.00244140625, 3.490234375]"
16,1,1000000,2,python,join,warm,main,20261001,73129,"[4.9794921875, 4.00244140625, 3.490234375]","{""load_average"": [4.9794921875, 4.00244140625, 3.490234375], ""Pages free"": 23870, ""Pages throttled"": 0, ""Pageouts"": 251241, ""Swapouts"": 1206130}",True,0.10808325,0.10749899999999996,288161792,31981568,288194560,0.04479333299968857,0.009960125,0.090484709,0.102734,8.8458e-05,8,9c4d4bed2506ea48344b9a1feb663161886647b4c790245fc45905fe3386c8e8,2026-10-01T18:16:32.988615+00:00,2026-10-01T18:16:33.351733+00:00,"{""OMP_NUM_THREADS"": ""1"", ""OPENBLAS_NUM_THREADS"": ""1"", ""MKL_NUM_THREADS"": ""1"", ""VECLIB_MAXIMUM_THREADS"": ""1"", ""NUMEXPR_NUM_THREADS"": ""1""}",0,0.46216300000378396,"{""load_average"": [4.9794921875, 4.00244140625, 3.490234375], ""Pages free"": 22283, ""Pages throttled"": 0, ""Pageouts"": 251241, ""Swapouts"": 1206130}","[4.9794921875, 4.00244140625, 3.490234375]"
17,1,1000000,2,pandas,group,warm,main,20261001,73129,"[4.9794921875, 4.00244140625, 3.490234375]","{""load_average"": [4.9794921875, 4.00244140625, 3.490234375], ""Pages free"": 24120, ""Pages throttled"": 0, ""Pageouts"": 251241, ""Swapouts"": 1206130}",True,0.006803209,0.006736999999999993,129056768,68927488,129089536,0.23793666699930327,0.007832125,0.000170458,0.009229958,6.2583e-05,64,824d3af0f5a10249cdced0440fd58546e3299cf6ce1e26d118b5bb1530adc7c3,2026-10-01T18:16:33.652082+00:00,2026-10-01T18:16:33.681835+00:00,"{""OMP_NUM_THREADS"": ""1"", ""OPENBLAS_NUM_THREADS"": ""1"", ""MKL_NUM_THREADS"": ""1"", ""VECLIB_MAXIMUM_THREADS"": ""1"", ""NUMEXPR_NUM_THREADS"": ""1""}",0,0.3055072499992093,"{""load_average"": [4.9794921875, 4.00244140625, 3.490234375], ""Pages free"": 24386, ""Pages throttled"": 0, ""Pageouts"": 251241, ""Swapouts"": 1206130}","[4.9794921875, 4.00244140625, 3.490234375]"
18,1,1000000,2,sqlite,group,cold,main,20261001,73129,"[4.9794921875, 4.00244140625, 3.490234375]","{""load_average"": [4.9794921875, 4.00244140625, 3.490234375], ""Pages free"": 24108, ""Pages throttled"": 0, ""Pageouts"": 251241, ""Swapouts"": 1206130}",True,0.815283167,0.8109770000000001,135299072,31981568,135331840,0.04710712499945657,0.01007625,0.430993917,0.0,5.9917e-05,64,824d3af0f5a10249cdced0440fd58546e3299cf6ce1e26d118b5bb1530adc7c3,2026-10-01T18:16:33.775173+00:00,2026-10-01T18:16:34.590749+00:00,"{""OMP_NUM_THREADS"": ""1"", ""OPENBLAS_NUM_THREADS"": ""1"", ""MKL_NUM_THREADS"": ""1"", ""VECLIB_MAXIMUM_THREADS"": ""1"", ""NUMEXPR_NUM_THREADS"": ""1""}",0,0.8867893749993527,"{""load_average"": [4.9794921875, 4.00244140625, 3.490234375], ""Pages free"": 23523, ""Pages throttled"": 0, ""Pageouts"": 251241, ""Swapouts"": 1206130}","[4.9794921875, 4.00244140625, 3.490234375]"
19,2,50000,5,sqlite,join,warm,main,20261001,73129,"[4.9794921875, 4.00244140625, 3.490234375]","{""load_average"": [4.9794921875, 4.00244140625, 3.490234375], ""Pages free"": 23606, ""Pages throttled"": 0, ""Pageouts"": 251241, ""Swapouts"": 1206130}",True,0.014729166,0.014582999999999999,41779200,31801344,41811968,0.05407595799624687,0.003845833,0.023348042,0.015063041,5.725e-05,8,3c94ae85159a6c617114341bec5aeec8395161e57722793a681f69308b4e8ff6,2026-10-01T18:16:35.698674+00:00,2026-10-01T18:16:35.758019+00:00,"{""OMP_NUM_THREADS"": ""1"", ""OPENBLAS_NUM_THREADS"": ""1"", ""MKL_NUM_THREADS"": ""1"", ""VECLIB_MAXIMUM_THREADS"": ""1"", ""NUMEXPR_NUM_THREADS"": ""1""}",0,0.14596212500327965,"{""load_average"": [4.9794921875, 4.00244140625, 3.490234375], ""Pages free"": 23496, ""Pages throttled"": 0, ""Pageouts"": 251241, ""Swapouts"": 1206130}","[4.9794921875, 4.00244140625, 3.490234375]"
20,2,50000,5,pandas,group,cold,main,20261001,73129,"[4.9794921875, 4.00244140625, 3.490234375]","{""load_average"": [4.9794921875, 4.00244140625, 3.490234375], ""Pages free"": 23222, ""Pages throttled"": 0, ""Pageouts"": 251241, ""Swapouts"": 1206130}",True,0.002371167,0.002251000000000003,72826880,68993024,72859648,0.23101087500253925,0.001031167,0.000141791,0.0,4.4e-05,64,d73d866c062f1a4202f13fde4d54860ff7c8007107f26300fb8c901717c2d21c,2026-10-01T18:16:36.021181+00:00,2026-10-01T18:16:36.023915+00:00,"{""OMP_NUM_THREADS"": ""1"", ""OPENBLAS_NUM_THREADS"": ""1"", ""MKL_NUM_THREADS"": ""1"", ""VECLIB_MAXIMUM_THREADS"": ""1"", ""NUMEXPR_NUM_THREADS"": ""1""}",0,0.2711732079987996,"{""load_average"": [4.9794921875, 4.00244140625, 3.490234375], ""Pages free"": 24124, ""Pages throttled"": 0, ""Pageouts"": 251241, ""Swapouts"": 1206130}","[4.9794921875, 4.00244140625, 3.490234375]"
21,2,50000,5,pandas,filter,cold,main,20261001,73129,"[4.9794921875, 4.00244140625, 3.490234375]","{""load_average"": [4.9794921875, 4.00244140625, 3.490234375], ""Pages free"": 24357, ""Pages throttled"": 0, ""Pageouts"": 251241, ""Swapouts"": 1206130}",True,0.003424458,0.003020999999999996,73203712,68861952,73367552,0.23298945800343063,0.001455042,0.000246708,0.0,0.001322083,5781,f47198486bdc455ede2ad23ea7b1c461fb64b372a429b4f82422af18e7279c8a,2026-10-01T18:16:36.301464+00:00,2026-10-01T18:16:36.306532+00:00,"{""OMP_NUM_THREADS"": ""1"", ""OPENBLAS_NUM_THREADS"": ""1"", ""MKL_NUM_THREADS"": ""1"", ""VECLIB_MAXIMUM_THREADS"": ""1"", ""NUMEXPR_NUM_THREADS"": ""1""}",0,0.27620150000439025,"{""load_average"": [4.9794921875, 4.00244140625, 3.490234375], ""Pages free"": 23384, ""Pages throttled"": 0, ""Pageouts"": 251241, ""Swapouts"": 1206130}","[4.9794921875, 4.00244140625, 3.490234375]"
22,2,50000,5,sqlite,group,cold,main,20261001,73129,"[4.9794921875, 4.00244140625, 3.490234375]","{""load_average"": [4.9794921875, 4.00244140625, 3.490234375], ""Pages free"": 23612, ""Pages throttled"": 0, ""Pageouts"": 251241, ""Swapouts"": 1206130}",True,0.036170083,0.035048,41893888,32030720,41926656,0.048279165996063966,0.003346708,0.023012417,0.0,4.7792e-05,64,d73d866c062f1a4202f13fde4d54860ff7c8007107f26300fb8c901717c2d21c,2026-10-01T18:16:36.400567+00:00,2026-10-01T18:16:36.437106+00:00,"{""OMP_NUM_THREADS"": ""1"", ""OPENBLAS_NUM_THREADS"": ""1"", ""MKL_NUM_THREADS"": ""1"", ""VECLIB_MAXIMUM_THREADS"": ""1"", ""NUMEXPR_NUM_THREADS"": ""1""}",0,0.10504474999470403,"{""load_average"": [4.9794921875, 4.00244140625, 3.490234375], ""Pages free"": 23627, ""Pages throttled"": 0, ""Pageouts"": 251241, ""Swapouts"": 1206130}","[4.9794921875, 4.00244140625, 3.490234375]"
23,2,50000,5,python,group,cold,main,20261001,73129,"[4.9794921875, 4.00244140625, 3.490234375]","{""load_average"": [4.9794921875, 4.00244140625, 3.490234375], ""Pages free"": 23616, ""Pages throttled"": 0, ""Pageouts"": 251241, ""Swapouts"": 1206130}",True,0.011101125,0.010458999999999996,46383104,32047104,46415872,0.04709529200044926,0.003037333,0.00436825,0.0,5.3083e-05,64,d73d866c062f1a4202f13fde4d54860ff7c8007107f26300fb8c901717c2d21c,2026-10-01T18:16:36.513275+00:00,2026-10-01T18:16:36.524698+00:00,"{""OMP_NUM_THREADS"": ""1"", ""OPENBLAS_NUM_THREADS"": ""1"", ""MKL_NUM_THREADS"": ""1"", ""VECLIB_MAXIMUM_THREADS"": ""1"", ""NUMEXPR_NUM_THREADS"": ""1""}",0,0.08104512499994598,"{""load_average"": [4.9794921875, 4.00244140625, 3.490234375], ""Pages free"": 23584, ""Pages throttled"": 0, ""Pageouts"": 251241, ""Swapouts"": 1206130}","[4.9794921875, 4.00244140625, 3.490234375]"
24,2,50000,5,python,filter,warm,main,20261001,73129,"[4.9794921875, 4.00244140625, 3.490234375]","{""load_average"": [4.9794921875, 4.00244140625, 3.490234375], ""Pages free"": 23817, ""Pages throttled"": 0, ""Pageouts"": 251241, ""Swapouts"": 1206130}",True,0.001179917,0.0011839999999999976,46252032,31866880,46383104,0.047338500000478234,0.002849875,0.004182666,0.00317225,0.001330667,5781,f47198486bdc455ede2ad23ea7b1c461fb64b372a429b4f82422af18e7279c8a,2026-10-01T18:16:36.603477+00:00,2026-10-01T18:16:36.619956+00:00,"{""OMP_NUM_THREADS"": ""1"", ""OPENBLAS_NUM_THREADS"": ""1"", ""MKL_NUM_THREADS"": ""1"", ""VECLIB_MAXIMUM_THREADS"": ""1"", ""NUMEXPR_NUM_THREADS"": ""1""}",0,0.0868279580026865,"{""load_average"": [4.9794921875, 4.00244140625, 3.490234375], ""Pages free"": 23629, ""Pages throttled"": 0, ""Pageouts"": 251241, ""Swapouts"": 1206130}","[4.9794921875, 4.00244140625, 3.490234375]"
25,2,50000,5,sqlite,group,warm,main,20261001,73129,"[4.9794921875, 4.00244140625, 3.490234375]","{""load_average"": [4.9794921875, 4.00244140625, 3.490234375], ""Pages free"": 23349, ""Pages throttled"": 0, ""Pageouts"": 251241, ""Swapouts"": 1206130}",True,0.010172375,0.010044999999999998,41746432,31883264,41779200,0.04786879199673422,0.003059708,0.023083667,0.010035667,5.8375e-05,64,d73d866c062f1a4202f13fde4d54860ff7c8007107f26300fb8c901717c2d21c,2026-10-01T18:16:36.698747+00:00,2026-10-01T18:16:36.747372+00:00,"{""OMP_NUM_THREADS"": ""1"", ""OPENBLAS_NUM_THREADS"": ""1"", ""MKL_NUM_THREADS"": ""1"", ""VECLIB_MAXIMUM_THREADS"": ""1"", ""NUMEXPR_NUM_THREADS"": ""1""}",0,0.11776766699767904,"{""load_average"": [4.82080078125, 3.9853515625, 3.4873046875], ""Pages free"": 23671, ""Pages throttled"": 0, ""Pageouts"": 251241, ""Swapouts"": 1206130}","[4.82080078125, 3.9853515625, 3.4873046875]"
26,2,50000,5,sqlite,filter,cold,main,20261001,73129,"[4.82080078125, 3.9853515625, 3.4873046875]","{""load_average"": [4.82080078125, 3.9853515625, 3.4873046875], ""Pages free"": 23390, ""Pages throttled"": 0, ""Pageouts"": 251241, ""Swapouts"": 1206130}",True,0.029227542,0.028303000000000002,40599552,31932416,40632320,0.04606499999499647,0.002967625,0.0231375,0.0,0.001317583,5781,f47198486bdc455ede2ad23ea7b1c461fb64b372a429b4f82422af18e7279c8a,2026-10-01T18:16:36.822331+00:00,2026-10-01T18:16:36.853205+00:00,"{""OMP_NUM_THREADS"": ""1"", ""OPENBLAS_NUM_THREADS"": ""1"", ""MKL_NUM_THREADS"": ""1"", ""VECLIB_MAXIMUM_THREADS"": ""1"", ""NUMEXPR_NUM_THREADS"": ""1""}",0,0.09811745800107019,"{""load_average"": [4.82080078125, 3.9853515625, 3.4873046875], ""Pages free"": 23842, ""Pages throttled"": 0, ""Pageouts"": 251241, ""Swapouts"": 1206130}","[4.82080078125, 3.9853515625, 3.4873046875]"
27,2,50000,5,sqlite,filter,warm,main,20261001,73129,"[4.82080078125, 3.9853515625, 3.4873046875]","{""load_average"": [4.82080078125, 3.9853515625, 3.4873046875], ""Pages free"": 23557, ""Pages throttled"": 0, ""Pageouts"": 251241, ""Swapouts"": 1206130}",True,0.003202,0.0031869999999999954,40534016,31899648,40583168,0.04781108399765799,0.003408791,0.02303275,0.003111416,0.001391459,5781,f47198486bdc455ede2ad23ea7b1c461fb64b372a429b4f82422af18e7279c8a,2026-10-01T18:16:36.930657+00:00,2026-10-01T18:16:36.967102+00:00,"{""OMP_NUM_THREADS"": ""1"", ""OPENBLAS_NUM_THREADS"": ""1"", ""MKL_NUM_THREADS"": ""1"", ""VECLIB_MAXIMUM_THREADS"": ""1"", ""NUMEXPR_NUM_THREADS"": ""1""}",0,0.1053681669945945,"{""load_average"": [4.82080078125, 3.9853515625, 3.4873046875], ""Pages free"": 24199, ""Pages throttled"": 0, ""Pageouts"": 251241, ""Swapouts"": 1206130}","[4.82080078125, 3.9853515625, 3.4873046875]"
28,2,50000,5,sqlite,join,cold,main,20261001,73129,"[4.82080078125, 3.9853515625, 3.4873046875]","{""load_average"": [4.82080078125, 3.9853515625, 3.4873046875], ""Pages free"": 23662, ""Pages throttled"": 0, ""Pageouts"": 251241, ""Swapouts"": 1206130}",True,0.04147475,0.040529,41746432,31817728,41779200,0.046328542004630435,0.003227666,0.02309575,0.0,3.9042e-05,8,3c94ae85159a6c617114341bec5aeec8395161e57722793a681f69308b4e8ff6,2026-10-01T18:16:37.043710+00:00,2026-10-01T18:16:37.085441+00:00,"{""OMP_NUM_THREADS"": ""1"", ""OPENBLAS_NUM_THREADS"": ""1"", ""MKL_NUM_THREADS"": ""1"", ""VECLIB_MAXIMUM_THREADS"": ""1"", ""NUMEXPR_NUM_THREADS"": ""1""}",0,0.10930699999880744,"{""load_average"": [4.82080078125, 3.9853515625, 3.4873046875], ""Pages free"": 23434, ""Pages throttled"": 0, ""Pageouts"": 251241, ""Swapouts"": 1206130}","[4.82080078125, 3.9853515625, 3.4873046875]"
29,2,50000,5,pandas,group,warm,main,20261001,73129,"[4.82080078125, 3.9853515625, 3.4873046875]","{""load_average"": [4.82080078125, 3.9853515625, 3.4873046875], ""Pages free"": 23152, ""Pages throttled"": 0, ""Pageouts"": 251241, ""Swapouts"": 1206130}",True,0.001102416,0.0010900000000000076,72810496,68911104,72843264,0.2385617500040098,0.001201333,0.000153875,0.00118575,4.7625e-05,64,d73d866c062f1a4202f13fde4d54860ff7c8007107f26300fb8c901717c2d21c,2026-10-01T18:16:37.354431+00:00,2026-10-01T18:16:37.364028+00:00,"{""OMP_NUM_THREADS"": ""1"", ""OPENBLAS_NUM_THREADS"": ""1"", ""MKL_NUM_THREADS"": ""1"", ""VECLIB_MAXIMUM_THREADS"": ""1"", ""NUMEXPR_NUM_THREADS"": ""1""}",0,0.2855210839989013,"{""load_average"": [4.82080078125, 3.9853515625, 3.4873046875], ""Pages free"": 22991, ""Pages throttled"": 0, ""Pageouts"": 251241, ""Swapouts"": 1206130}","[4.82080078125, 3.9853515625, 3.4873046875]"
30,2,50000,5,pandas,join,cold,main,20261001,73129,"[4.82080078125, 3.9853515625, 3.4873046875]","{""load_average"": [4.82080078125, 3.9853515625, 3.4873046875], ""Pages free"": 22967, ""Pages throttled"": 0, ""Pageouts"": 251241, ""Swapouts"": 1206130}",True,0.004506916,0.0043279999999999985,76955648,68993024,76988416,0.23912495900003705,0.001233333,0.000207958,0.0,3.1458e-05,8,3c94ae85159a6c617114341bec5aeec8395161e57722793a681f69308b4e8ff6,2026-10-01T18:16:37.649679+00:00,2026-10-01T18:16:37.654637+00:00,"{""OMP_NUM_THREADS"": ""1"", ""OPENBLAS_NUM_THREADS"": ""1"", ""MKL_NUM_THREADS"": ""1"", ""VECLIB_MAXIMUM_THREADS"": ""1"", ""NUMEXPR_NUM_THREADS"": ""1""}",0,0.2825307499952032,"{""load_average"": [4.82080078125, 3.9853515625, 3.4873046875], ""Pages free"": 22816, ""Pages throttled"": 0, ""Pageouts"": 251241, ""Swapouts"": 1206130}","[4.82080078125, 3.9853515625, 3.4873046875]"
31,2,50000,5,python,group,warm,main,20261001,73129,"[4.82080078125, 3.9853515625, 3.4873046875]","{""load_average"": [4.82080078125, 3.9853515625, 3.4873046875], ""Pages free"": 22789, ""Pages throttled"": 0, ""Pageouts"": 251241, ""Swapouts"": 1206130}",True,0.003792042,0.003794999999999993,46252032,31932416,46284800,0.049028250003175344,0.003459458,0.004349667,0.003792167,5.5208e-05,64,d73d866c062f1a4202f13fde4d54860ff7c8007107f26300fb8c901717c2d21c,2026-10-01T18:16:37.749883+00:00,2026-10-01T18:16:37.769508+00:00,"{""OMP_NUM_THREADS"": ""1"", ""OPENBLAS_NUM_THREADS"": ""1"", ""MKL_NUM_THREADS"": ""1"", ""VECLIB_MAXIMUM_THREADS"": ""1"", ""NUMEXPR_NUM_THREADS"": ""1""}",0,0.09014954200392822,"{""load_average"": [4.82080078125, 3.9853515625, 3.4873046875], ""Pages free"": 22526, ""Pages throttled"": 0, ""Pageouts"": 251241, ""Swapouts"": 1206130}","[4.82080078125, 3.9853515625, 3.4873046875]"
32,2,50000,5,python,join,warm,main,20261001,73129,"[4.82080078125, 3.9853515625, 3.4873046875]","{""load_average"": [4.82080078125, 3.9853515625, 3.4873046875], ""Pages free"": 22498, ""Pages throttled"": 0, ""Pageouts"": 251241, ""Swapouts"": 1206130}",True,0.005364,0.005368999999999999,46186496,31850496,46219264,0.04736695800238522,0.003423292,0.0042005,0.005006958,6.7084e-05,8,3c94ae85159a6c617114341bec5aeec8395161e57722793a681f69308b4e8ff6,2026-10-01T18:16:37.847574+00:00,2026-10-01T18:16:37.869864+00:00,"{""OMP_NUM_THREADS"": ""1"", ""OPENBLAS_NUM_THREADS"": ""1"", ""MKL_NUM_THREADS"": ""1"", ""VECLIB_MAXIMUM_THREADS"": ""1"", ""NUMEXPR_NUM_THREADS"": ""1""}",0,0.09221716699539684,"{""load_average"": [4.82080078125, 3.9853515625, 3.4873046875], ""Pages free"": 22832, ""Pages throttled"": 0, ""Pageouts"": 251241, ""Swapouts"": 1206130}","[4.82080078125, 3.9853515625, 3.4873046875]"
33,2,50000,5,python,join,cold,main,20261001,73129,"[4.82080078125, 3.9853515625, 3.4873046875]","{""load_average"": [4.82080078125, 3.9853515625, 3.4873046875], ""Pages free"": 23074, ""Pages throttled"": 0, ""Pageouts"": 251241, ""Swapouts"": 1206130}",True,0.012539792,0.011865,46252032,31932416,46284800,0.046674874996824656,0.003137542,0.00429275,0.0,3.0292e-05,8,3c94ae85159a6c617114341bec5aeec8395161e57722793a681f69308b4e8ff6,2026-10-01T18:16:37.947774+00:00,2026-10-01T18:16:37.960654+00:00,"{""OMP_NUM_THREADS"": ""1"", ""OPENBLAS_NUM_THREADS"": ""1"", ""MKL_NUM_THREADS"": ""1"", ""VECLIB_MAXIMUM_THREADS"": ""1"", ""NUMEXPR_NUM_THREADS"": ""1""}",0,0.08224883399816463,"{""load_average"": [4.82080078125, 3.9853515625, 3.4873046875], ""Pages free"": 23313, ""Pages throttled"": 0, ""Pageouts"": 251241, ""Swapouts"": 1206130}","[4.82080078125, 3.9853515625, 3.4873046875]"
34,2,50000,5,pandas,filter,warm,main,20261001,73129,"[4.82080078125, 3.9853515625, 3.4873046875]","{""load_average"": [4.82080078125, 3.9853515625, 3.4873046875], ""Pages free"": 23018, ""Pages throttled"": 0, ""Pageouts"": 251241, ""Swapouts"": 1206130}",True,0.00124,0.0012449999999999961,73416704,68943872,73580544,0.24240079200535547,0.001154084,0.000155666,0.001806666,0.001349792,5781,f47198486bdc455ede2ad23ea7b1c461fb64b372a429b4f82422af18e7279c8a,2026-10-01T18:16:38.233029+00:00,2026-10-01T18:16:38.243975+00:00,"{""OMP_NUM_THREADS"": ""1"", ""OPENBLAS_NUM_THREADS"": ""1"", ""MKL_NUM_THREADS"": ""1"", ""VECLIB_MAXIMUM_THREADS"": ""1"", ""NUMEXPR_NUM_THREADS"": ""1""}",0,0.29185645899997326,"{""load_average"": [4.82080078125, 3.9853515625, 3.4873046875], ""Pages free"": 22765, ""Pages throttled"": 0, ""Pageouts"": 251241, ""Swapouts"": 1206130}","[4.82080078125, 3.9853515625, 3.4873046875]"
35,2,50000,5,pandas,join,warm,main,20261001,73129,"[4.82080078125, 3.9853515625, 3.4873046875]","{""load_average"": [4.82080078125, 3.9853515625, 3.4873046875], ""Pages free"": 23000, ""Pages throttled"": 0, ""Pageouts"": 251241, ""Swapouts"": 1206130}",True,0.002343458,0.0023480000000000167,76939264,68927488,76972032,0.24046658300358104,0.001137125,0.000148958,0.0031115,3.6625e-05,8,3c94ae85159a6c617114341bec5aeec8395161e57722793a681f69308b4e8ff6,2026-10-01T18:16:38.531272+00:00,2026-10-01T18:16:38.543178+00:00,"{""OMP_NUM_THREADS"": ""1"", ""OPENBLAS_NUM_THREADS"": ""1"", ""MKL_NUM_THREADS"": ""1"", ""VECLIB_MAXIMUM_THREADS"": ""1"", ""NUMEXPR_NUM_THREADS"": ""1""}",0,0.29445720800140407,"{""load_average"": [4.82080078125, 3.9853515625, 3.4873046875], ""Pages free"": 22721, ""Pages throttled"": 0, ""Pageouts"": 251241, ""Swapouts"": 1206130}","[4.82080078125, 3.9853515625, 3.4873046875]"
36,2,50000,5,python,filter,cold,main,20261001,73129,"[4.82080078125, 3.9853515625, 3.4873046875]","{""load_average"": [4.82080078125, 3.9853515625, 3.4873046875], ""Pages free"": 22090, ""Pages throttled"": 0, ""Pageouts"": 251241, ""Swapouts"": 1206130}",True,0.009718542,0.009377000000000003,46350336,31997952,46481408,0.0488450830016518,0.002961417,0.004203458,0.0,0.001338959,5781,f47198486bdc455ede2ad23ea7b1c461fb64b372a429b4f82422af18e7279c8a,2026-10-01T18:16:38.647247+00:00,2026-10-01T18:16:38.658517+00:00,"{""OMP_NUM_THREADS"": ""1"", ""OPENBLAS_NUM_THREADS"": ""1"", ""MKL_NUM_THREADS"": ""1"", ""VECLIB_MAXIMUM_THREADS"": ""1"", ""NUMEXPR_NUM_THREADS"": ""1""}",0,0.08532062499580206,"{""load_average"": [4.82080078125, 3.9853515625, 3.4873046875], ""Pages free"": 20537, ""Pages throttled"": 0, ""Pageouts"": 251241, ""Swapouts"": 1206130}","[4.82080078125, 3.9853515625, 3.4873046875]"
37,3,1000000,4,pandas,group,warm,main,20261001,73129,"[4.82080078125, 3.9853515625, 3.4873046875]","{""load_average"": [4.82080078125, 3.9853515625, 3.4873046875], ""Pages free"": 13303, ""Pages throttled"": 0, ""Pageouts"": 251241, ""Swapouts"": 1206130}",True,0.007377459,0.007379999999999998,129236992,69107712,129269760,0.25651625000318745,0.009174375,0.000244709,0.010905833,5.1791e-05,64,824d3af0f5a10249cdced0440fd58546e3299cf6ce1e26d118b5bb1530adc7c3,2026-10-01T18:16:39.969497+00:00,2026-10-01T18:16:40.004935+00:00,"{""OMP_NUM_THREADS"": ""1"", ""OPENBLAS_NUM_THREADS"": ""1"", ""MKL_NUM_THREADS"": ""1"", ""VECLIB_MAXIMUM_THREADS"": ""1"", ""NUMEXPR_NUM_THREADS"": ""1""}",0,0.3444749589980347,"{""load_average"": [4.82080078125, 3.9853515625, 3.4873046875], ""Pages free"": 12101, ""Pages throttled"": 0, ""Pageouts"": 251241, ""Swapouts"": 1206130}","[4.82080078125, 3.9853515625, 3.4873046875]"
38,3,1000000,4,python,filter,cold,main,20261001,73129,"[4.82080078125, 3.9853515625, 3.4873046875]","{""load_average"": [4.82080078125, 3.9853515625, 3.4873046875], ""Pages free"": 12100, ""Pages throttled"": 0, ""Pageouts"": 251241, ""Swapouts"": 1206130}",True,0.24159725,0.235744,295567360,31965184,295731200,0.05625758399401093,0.011544083,0.114123042,0.0,0.028209542,113946,650d5b611ec563af2c2f8123abcefad606ffc91351ffe5b9d50dacbf0041e51e,2026-10-01T18:16:40.110619+00:00,2026-10-01T18:16:40.380776+00:00,"{""OMP_NUM_THREADS"": ""1"", ""OPENBLAS_NUM_THREADS"": ""1"", ""MKL_NUM_THREADS"": ""1"", ""VECLIB_MAXIMUM_THREADS"": ""1"", ""NUMEXPR_NUM_THREADS"": ""1""}",0,0.3865843749954365,"{""load_average"": [4.82080078125, 3.9853515625, 3.4873046875], ""Pages free"": 21809, ""Pages throttled"": 0, ""Pageouts"": 251703, ""Swapouts"": 1206130}","[4.82080078125, 3.9853515625, 3.4873046875]"
39,3,1000000,4,pandas,group,cold,main,20261001,73129,"[4.82080078125, 3.9853515625, 3.4873046875]","{""load_average"": [4.82080078125, 3.9853515625, 3.4873046875], ""Pages free"": 21542, ""Pages throttled"": 0, ""Pageouts"": 251703, ""Swapouts"": 1206130}",True,0.018098875,0.017903000000000002,129138688,69009408,129171456,0.24101429199799895,0.008556833,0.000203542,0.0,4.2708e-05,64,824d3af0f5a10249cdced0440fd58546e3299cf6ce1e26d118b5bb1530adc7c3,2026-10-01T18:16:40.691451+00:00,2026-10-01T18:16:40.710074+00:00,"{""OMP_NUM_THREADS"": ""1"", ""OPENBLAS_NUM_THREADS"": ""1"", ""MKL_NUM_THREADS"": ""1"", ""VECLIB_MAXIMUM_THREADS"": ""1"", ""NUMEXPR_NUM_THREADS"": ""1""}",0,0.3005187079979805,"{""load_average"": [4.82080078125, 3.9853515625, 3.4873046875], ""Pages free"": 21085, ""Pages throttled"": 0, ""Pageouts"": 251703, ""Swapouts"": 1206130}","[4.82080078125, 3.9853515625, 3.4873046875]"
40,3,1000000,4,sqlite,group,warm,main,20261001,73129,"[4.82080078125, 3.9853515625, 3.4873046875]","{""load_average"": [4.82080078125, 3.9853515625, 3.4873046875], ""Pages free"": 21060, ""Pages throttled"": 0, ""Pageouts"": 251703, ""Swapouts"": 1206130}",True,0.377233708,0.3752620000000001,135348224,31948800,135380992,0.04829174999758834,0.010346625,0.433173541,0.382157916,7.4708e-05,64,824d3af0f5a10249cdced0440fd58546e3299cf6ce1e26d118b5bb1530adc7c3,2026-10-01T18:16:40.806527+00:00,2026-10-01T18:16:42.011804+00:00,"{""OMP_NUM_THREADS"": ""1"", ""OPENBLAS_NUM_THREADS"": ""1"", ""MKL_NUM_THREADS"": ""1"", ""VECLIB_MAXIMUM_THREADS"": ""1"", ""NUMEXPR_NUM_THREADS"": ""1""}",0,1.2789545830019051,"{""load_average"": [4.6748046875, 3.96875, 3.484375], ""Pages free"": 20881, ""Pages throttled"": 0, ""Pageouts"": 251703, ""Swapouts"": 1206130}","[4.6748046875, 3.96875, 3.484375]"
41,3,1000000,4,pandas,filter,warm,main,20261001,73129,"[4.6748046875, 3.96875, 3.484375]","{""load_average"": [4.6748046875, 3.96875, 3.484375], ""Pages free"": 21109, ""Pages throttled"": 0, ""Pageouts"": 251703, ""Swapouts"": 1206130}",True,0.017678625,0.017620999999999998,149782528,68943872,149946368,0.24058483300177613,0.007985667,0.000167,0.020036667,0.026360458,113946,650d5b611ec563af2c2f8123abcefad606ffc91351ffe5b9d50dacbf0041e51e,2026-10-01T18:16:42.285639+00:00,2026-10-01T18:16:42.366335+00:00,"{""OMP_NUM_THREADS"": ""1"", ""OPENBLAS_NUM_THREADS"": ""1"", ""MKL_NUM_THREADS"": ""1"", ""VECLIB_MAXIMUM_THREADS"": ""1"", ""NUMEXPR_NUM_THREADS"": ""1""}",0,0.3629266669959179,"{""load_average"": [4.6748046875, 3.96875, 3.484375], ""Pages free"": 19579, ""Pages throttled"": 0, ""Pageouts"": 251703, ""Swapouts"": 1206130}","[4.6748046875, 3.96875, 3.484375]"
42,3,1000000,4,python,group,cold,main,20261001,73129,"[4.6748046875, 3.96875, 3.484375]","{""load_average"": [4.6748046875, 3.96875, 3.484375], ""Pages free"": 19802, ""Pages throttled"": 0, ""Pageouts"": 251703, ""Swapouts"": 1206130}",True,0.176428583,0.175078,287965184,31784960,287997952,0.048056375002488494,0.010093583,0.094260083,0.0,6.0792e-05,64,824d3af0f5a10249cdced0440fd58546e3299cf6ce1e26d118b5bb1530adc7c3,2026-10-01T18:16:42.464268+00:00,2026-10-01T18:16:42.641014+00:00,"{""OMP_NUM_THREADS"": ""1"", ""OPENBLAS_NUM_THREADS"": ""1"", ""MKL_NUM_THREADS"": ""1"", ""VECLIB_MAXIMUM_THREADS"": ""1"", ""NUMEXPR_NUM_THREADS"": ""1""}",0,0.2776360839998233,"{""load_average"": [4.6748046875, 3.96875, 3.484375], ""Pages free"": 20473, ""Pages throttled"": 0, ""Pageouts"": 251748, ""Swapouts"": 1206130}","[4.6748046875, 3.96875, 3.484375]"
43,3,1000000,4,sqlite,join,cold,main,20261001,73129,"[4.6748046875, 3.96875, 3.484375]","{""load_average"": [4.6748046875, 3.96875, 3.484375], ""Pages free"": 20447, ""Pages throttled"": 0, ""Pageouts"": 251748, ""Swapouts"": 1206130}",True,0.767628375,0.763085,135249920,31932416,135282688,0.04808558299555443,0.010073125,0.435998167,0.0,5.3666e-05,8,9c4d4bed2506ea48344b9a1feb663161886647b4c790245fc45905fe3386c8e8,2026-10-01T18:16:42.750119+00:00,2026-10-01T18:16:43.518077+00:00,"{""OMP_NUM_THREADS"": ""1"", ""OPENBLAS_NUM_THREADS"": ""1"", ""MKL_NUM_THREADS"": ""1"", ""VECLIB_MAXIMUM_THREADS"": ""1"", ""NUMEXPR_NUM_THREADS"": ""1""}",0,0.8396057080026367,"{""load_average"": [4.6748046875, 3.96875, 3.484375], ""Pages free"": 20846, ""Pages throttled"": 0, ""Pageouts"": 251748, ""Swapouts"": 1206130}","[4.6748046875, 3.96875, 3.484375]"
44,3,1000000,4,pandas,join,warm,main,20261001,73129,"[4.6748046875, 3.96875, 3.484375]","{""load_average"": [4.6748046875, 3.96875, 3.484375], ""Pages free"": 20816, ""Pages throttled"": 0, ""Pageouts"": 251748, ""Swapouts"": 1206130}",True,0.029668125,0.02949199999999999,241008640,68911104,241041408,0.2390094579968718,0.008242417,0.00018025,0.0386325,2.8667e-05,8,9c4d4bed2506ea48344b9a1feb663161886647b4c790245fc45905fe3386c8e8,2026-10-01T18:16:43.789293+00:00,2026-10-01T18:16:43.871636+00:00,"{""OMP_NUM_THREADS"": ""1"", ""OPENBLAS_NUM_THREADS"": ""1"", ""MKL_NUM_THREADS"": ""1"", ""VECLIB_MAXIMUM_THREADS"": ""1"", ""NUMEXPR_NUM_THREADS"": ""1""}",0,0.3614762500001234,"{""load_average"": [4.6748046875, 3.96875, 3.484375], ""Pages free"": 20265, ""Pages throttled"": 0, ""Pageouts"": 251748, ""Swapouts"": 1206130}","[4.6748046875, 3.96875, 3.484375]"
45,3,1000000,4,sqlite,filter,warm,main,20261001,73129,"[4.6748046875, 3.96875, 3.484375]","{""load_average"": [4.6748046875, 3.96875, 3.484375], ""Pages free"": 20245, ""Pages throttled"": 0, ""Pageouts"": 251748, ""Swapouts"": 1206130}",True,0.063569875,0.06330800000000003,119439360,31916032,119603200,0.04814829200040549,0.009325625,0.432483625,0.064031375,0.027294125,113946,650d5b611ec563af2c2f8123abcefad606ffc91351ffe5b9d50dacbf0041e51e,2026-10-01T18:16:43.967742+00:00,2026-10-01T18:16:44.568189+00:00,"{""OMP_NUM_THREADS"": ""1"", ""OPENBLAS_NUM_THREADS"": ""1"", ""MKL_NUM_THREADS"": ""1"", ""VECLIB_MAXIMUM_THREADS"": ""1"", ""NUMEXPR_NUM_THREADS"": ""1""}",0,0.6733856249993551,"{""load_average"": [4.6748046875, 3.96875, 3.484375], ""Pages free"": 20866, ""Pages throttled"": 0, ""Pageouts"": 251748, ""Swapouts"": 1206130}","[4.6748046875, 3.96875, 3.484375]"
46,3,1000000,4,python,group,warm,main,20261001,73129,"[4.6748046875, 3.96875, 3.484375]","{""load_average"": [4.6748046875, 3.96875, 3.484375], ""Pages free"": 20595, ""Pages throttled"": 0, ""Pageouts"": 251748, ""Swapouts"": 1206130}",True,0.072795167,0.07236700000000001,287981568,31834112,288014336,0.045534917000622954,0.009670625,0.094101,0.071656208,5.4625e-05,64,824d3af0f5a10249cdced0440fd58546e3299cf6ce1e26d118b5bb1530adc7c3,2026-10-01T18:16:44.645290+00:00,2026-10-01T18:16:44.942517+00:00,"{""OMP_NUM_THREADS"": ""1"", ""OPENBLAS_NUM_THREADS"": ""1"", ""MKL_NUM_THREADS"": ""1"", ""VECLIB_MAXIMUM_THREADS"": ""1"", ""NUMEXPR_NUM_THREADS"": ""1""}",0,0.39530795800237684,"{""load_average"": [4.6748046875, 3.96875, 3.484375], ""Pages free"": 21246, ""Pages throttled"": 0, ""Pageouts"": 251750, ""Swapouts"": 1206130}","[4.6748046875, 3.96875, 3.484375]"
47,3,1000000,4,pandas,filter,cold,main,20261001,73129,"[4.6748046875, 3.96875, 3.484375]","{""load_average"": [4.6748046875, 3.96875, 3.484375], ""Pages free"": 20968, ""Pages throttled"": 0, ""Pageouts"": 251750, ""Swapouts"": 1206130}",True,0.028402792,0.027892,149798912,68927488,149962752,0.23806366699864157,0.008547625,0.000197375,0.0,0.0264975,113946,650d5b611ec563af2c2f8123abcefad606ffc91351ffe5b9d50dacbf0041e51e,2026-10-01T18:16:45.243040+00:00,2026-10-01T18:16:45.298360+00:00,"{""OMP_NUM_THREADS"": ""1"", ""OPENBLAS_NUM_THREADS"": ""1"", ""MKL_NUM_THREADS"": ""1"", ""VECLIB_MAXIMUM_THREADS"": ""1"", ""NUMEXPR_NUM_THREADS"": ""1""}",0,0.33505395800602855,"{""load_average"": [4.6748046875, 3.96875, 3.484375], ""Pages free"": 21176, ""Pages throttled"": 0, ""Pageouts"": 251750, ""Swapouts"": 1206130}","[4.6748046875, 3.96875, 3.484375]"
48,3,1000000,4,pandas,join,cold,main,20261001,73129,"[4.6748046875, 3.96875, 3.484375]","{""load_average"": [4.6748046875, 3.96875, 3.484375], ""Pages free"": 21420, ""Pages throttled"": 0, ""Pageouts"": 251750, ""Swapouts"": 1206130}",True,0.04589025,0.04552400000000001,241074176,68993024,241106944,0.2399429169963696,0.008084542,0.000211958,0.0,3.0917e-05,8,9c4d4bed2506ea48344b9a1feb663161886647b4c790245fc45905fe3386c8e8,2026-10-01T18:16:45.587674+00:00,2026-10-01T18:16:45.634021+00:00,"{""OMP_NUM_THREADS"": ""1"", ""OPENBLAS_NUM_THREADS"": ""1"", ""MKL_NUM_THREADS"": ""1"", ""VECLIB_MAXIMUM_THREADS"": ""1"", ""NUMEXPR_NUM_THREADS"": ""1""}",0,0.3260697919977247,"{""load_average"": [4.6748046875, 3.96875, 3.484375], ""Pages free"": 21230, ""Pages throttled"": 0, ""Pageouts"": 251750, ""Swapouts"": 1206130}","[4.6748046875, 3.96875, 3.484375]"
49,3,1000000,4,python,join,warm,main,20261001,73129,"[4.6748046875, 3.96875, 3.484375]","{""load_average"": [4.6748046875, 3.96875, 3.484375], ""Pages free"": 21205, ""Pages throttled"": 0, ""Pageouts"": 251750, ""Swapouts"": 1206130}",True,0.107683416,0.10721900000000001,288161792,31981568,288194560,0.047857874997134786,0.010171584,0.10024425,0.10431925,4.9125e-05,8,9c4d4bed2506ea48344b9a1feb663161886647b4c790245fc45905fe3386c8e8,2026-10-01T18:16:45.730050+00:00,2026-10-01T18:16:46.100063+00:00,"{""OMP_NUM_THREADS"": ""1"", ""OPENBLAS_NUM_THREADS"": ""1"", ""MKL_NUM_THREADS"": ""1"", ""VECLIB_MAXIMUM_THREADS"": ""1"", ""NUMEXPR_NUM_THREADS"": ""1""}",0,0.4710981250027544,"{""load_average"": [4.6748046875, 3.96875, 3.484375], ""Pages free"": 20581, ""Pages throttled"": 0, ""Pageouts"": 251855, ""Swapouts"": 1206130}","[4.6748046875, 3.96875, 3.484375]"
50,3,1000000,4,sqlite,join,warm,main,20261001,73129,"[4.6748046875, 3.96875, 3.484375]","{""load_average"": [4.6748046875, 3.96875, 3.484375], ""Pages free"": 20560, ""Pages throttled"": 0, ""Pageouts"": 251855, ""Swapouts"": 1206130}",True,0.317695083,0.31606600000000007,135168000,31899648,135200768,0.04754916599631542,0.009967042,0.435696833,0.323241791,4.8834e-05,8,9c4d4bed2506ea48344b9a1feb663161886647b4c790245fc45905fe3386c8e8,2026-10-01T18:16:46.210147+00:00,2026-10-01T18:16:47.298997+00:00,"{""OMP_NUM_THREADS"": ""1"", ""OPENBLAS_NUM_THREADS"": ""1"", ""MKL_NUM_THREADS"": ""1"", ""VECLIB_MAXIMUM_THREADS"": ""1"", ""NUMEXPR_NUM_THREADS"": ""1""}",0,1.1631574160055607,"{""load_average"": [4.86083984375, 4.01904296875, 3.5048828125], ""Pages free"": 19858, ""Pages throttled"": 0, ""Pageouts"": 251855, ""Swapouts"": 1206130}","[4.86083984375, 4.01904296875, 3.5048828125]"
51,3,1000000,4,python,filter,warm,main,20261001,73129,"[4.86083984375, 4.01904296875, 3.5048828125]","{""load_average"": [4.86083984375, 4.01904296875, 3.5048828125], ""Pages free"": 19827, ""Pages throttled"": 0, ""Pageouts"": 251855, ""Swapouts"": 1206130}",True,0.027960417,0.02777999999999997,295452672,31866880,295616512,0.047637666000809986,0.010203833,0.092788917,0.116044625,0.027321708,113946,650d5b611ec563af2c2f8123abcefad606ffc91351ffe5b9d50dacbf0041e51e,2026-10-01T18:16:47.381270+00:00,2026-10-01T18:16:47.709532+00:00,"{""OMP_NUM_THREADS"": ""1"", ""OPENBLAS_NUM_THREADS"": ""1"", ""MKL_NUM_THREADS"": ""1"", ""VECLIB_MAXIMUM_THREADS"": ""1"", ""NUMEXPR_NUM_THREADS"": ""1""}",0,0.43742154099891195,"{""load_average"": [4.86083984375, 4.01904296875, 3.5048828125], ""Pages free"": 20558, ""Pages throttled"": 0, ""Pageouts"": 251908, ""Swapouts"": 1206130}","[4.86083984375, 4.01904296875, 3.5048828125]"
52,3,1000000,4,python,join,cold,main,20261001,73129,"[4.86083984375, 4.01904296875, 3.5048828125]","{""load_average"": [4.86083984375, 4.01904296875, 3.5048828125], ""Pages free"": 20791, ""Pages throttled"": 0, ""Pageouts"": 251908, ""Swapouts"": 1206130}",True,0.2124165,0.210155,288161792,31981568,288194560,0.0474013749990263,0.010564083,0.095762208,0.0,4.6208e-05,8,9c4d4bed2506ea48344b9a1feb663161886647b4c790245fc45905fe3386c8e8,2026-10-01T18:16:47.826377+00:00,2026-10-01T18:16:48.039093+00:00,"{""OMP_NUM_THREADS"": ""1"", ""OPENBLAS_NUM_THREADS"": ""1"", ""MKL_NUM_THREADS"": ""1"", ""VECLIB_MAXIMUM_THREADS"": ""1"", ""NUMEXPR_NUM_THREADS"": ""1""}",0,0.31263016699813306,"{""load_average"": [4.86083984375, 4.01904296875, 3.5048828125], ""Pages free"": 22830, ""Pages throttled"": 0, ""Pageouts"": 251908, ""Swapouts"": 1206130}","[4.86083984375, 4.01904296875, 3.5048828125]"
53,3,1000000,4,sqlite,filter,cold,main,20261001,73129,"[4.86083984375, 4.01904296875, 3.5048828125]","{""load_average"": [4.86083984375, 4.01904296875, 3.5048828125], ""Pages free"": 22545, ""Pages throttled"": 0, ""Pageouts"": 251908, ""Swapouts"": 1206130}",True,0.509936709,0.5058490000000001,119422976,31916032,119570432,0.04976112500298768,0.009857584,0.435789875,0.0,0.026475791,113946,650d5b611ec563af2c2f8123abcefad606ffc91351ffe5b9d50dacbf0041e51e,2026-10-01T18:16:48.149185+00:00,2026-10-01T18:16:48.685847+00:00,"{""OMP_NUM_THREADS"": ""1"", ""OPENBLAS_NUM_THREADS"": ""1"", ""MKL_NUM_THREADS"": ""1"", ""VECLIB_MAXIMUM_THREADS"": ""1"", ""NUMEXPR_NUM_THREADS"": ""1""}",0,0.6118796250011656,"{""load_average"": [4.86083984375, 4.01904296875, 3.5048828125], ""Pages free"": 19624, ""Pages throttled"": 0, ""Pageouts"": 251908, ""Swapouts"": 1206130}","[4.86083984375, 4.01904296875, 3.5048828125]"
54,3,1000000,4,sqlite,group,cold,main,20261001,73129,"[4.86083984375, 4.01904296875, 3.5048828125]","{""load_average"": [4.86083984375, 4.01904296875, 3.5048828125], ""Pages free"": 19596, ""Pages throttled"": 0, ""Pageouts"": 251908, ""Swapouts"": 1206130}",True,0.812634167,0.807392,135086080,31817728,135118848,0.04775895900093019,0.010111375,0.433814667,0.0,5.8625e-05,64,824d3af0f5a10249cdced0440fd58546e3299cf6ce1e26d118b5bb1530adc7c3,2026-10-01T18:16:48.768191+00:00,2026-10-01T18:16:49.581164+00:00,"{""OMP_NUM_THREADS"": ""1"", ""OPENBLAS_NUM_THREADS"": ""1"", ""MKL_NUM_THREADS"": ""1"", ""VECLIB_MAXIMUM_THREADS"": ""1"", ""NUMEXPR_NUM_THREADS"": ""1""}",0,0.8853444579945062,"{""load_average"": [4.86083984375, 4.01904296875, 3.5048828125], ""Pages free"": 19235, ""Pages throttled"": 0, ""Pageouts"": 251908, ""Swapouts"": 1206130}","[4.86083984375, 4.01904296875, 3.5048828125]"
55,4,50000,4,pandas,join,cold,main,20261001,73129,"[4.86083984375, 4.01904296875, 3.5048828125]","{""load_average"": [4.86083984375, 4.01904296875, 3.5048828125], ""Pages free"": 21852, ""Pages throttled"": 0, ""Pageouts"": 251908, ""Swapouts"": 1206130}",True,0.004575167,0.004486999999999991,76955648,68911104,76988416,0.25548020799760707,0.001259125,0.000233542,0.0,2.9083e-05,8,3c94ae85159a6c617114341bec5aeec8395161e57722793a681f69308b4e8ff6,2026-10-01T18:16:50.897067+00:00,2026-10-01T18:16:50.902045+00:00,"{""OMP_NUM_THREADS"": ""1"", ""OPENBLAS_NUM_THREADS"": ""1"", ""MKL_NUM_THREADS"": ""1"", ""VECLIB_MAXIMUM_THREADS"": ""1"", ""NUMEXPR_NUM_THREADS"": ""1""}",0,0.31550283300020965,"{""load_average"": [4.86083984375, 4.01904296875, 3.5048828125], ""Pages free"": 19079, ""Pages throttled"": 0, ""Pageouts"": 251908, ""Swapouts"": 1206130}","[4.86083984375, 4.01904296875, 3.5048828125]"
56,4,50000,4,pandas,filter,cold,main,20261001,73129,"[4.86083984375, 4.01904296875, 3.5048828125]","{""load_average"": [4.86083984375, 4.01904296875, 3.5048828125], ""Pages free"": 19054, ""Pages throttled"": 0, ""Pageouts"": 251908, ""Swapouts"": 1206130}",True,0.003436375,0.0030779999999999974,73302016,68943872,73465856,0.22658025000419002,0.001126584,0.000164875,0.0,0.001355792,5781,f47198486bdc455ede2ad23ea7b1c461fb64b372a429b4f82422af18e7279c8a,2026-10-01T18:16:51.176455+00:00,2026-10-01T18:16:51.181648+00:00,"{""OMP_NUM_THREADS"": ""1"", ""OPENBLAS_NUM_THREADS"": ""1"", ""MKL_NUM_THREADS"": ""1"", ""VECLIB_MAXIMUM_THREADS"": ""1"", ""NUMEXPR_NUM_THREADS"": ""1""}",0,0.26873041699582245,"{""load_average"": [4.86083984375, 4.01904296875, 3.5048828125], ""Pages free"": 20620, ""Pages throttled"": 0, ""Pageouts"": 251908, ""Swapouts"": 1206130}","[4.86083984375, 4.01904296875, 3.5048828125]"
57,4,50000,4,pandas,filter,warm,main,20261001,73129,"[4.86083984375, 4.01904296875, 3.5048828125]","{""load_average"": [4.86083984375, 4.01904296875, 3.5048828125], ""Pages free"": 20871, ""Pages throttled"": 0, ""Pageouts"": 251908, ""Swapouts"": 1206130}",True,0.001351333,0.001354999999999995,73187328,68812800,73351168,0.23179591599910054,0.001197584,0.000148291,0.001665416,0.001330708,5781,f47198486bdc455ede2ad23ea7b1c461fb64b372a429b4f82422af18e7279c8a,2026-10-01T18:16:51.457404+00:00,2026-10-01T18:16:51.468967+00:00,"{""OMP_NUM_THREADS"": ""1"", ""OPENBLAS_NUM_THREADS"": ""1"", ""MKL_NUM_THREADS"": ""1"", ""VECLIB_MAXIMUM_THREADS"": ""1"", ""NUMEXPR_NUM_THREADS"": ""1""}",0,0.27872566600126447,"{""load_average"": [4.86083984375, 4.01904296875, 3.5048828125], ""Pages free"": 19086, ""Pages throttled"": 0, ""Pageouts"": 251908, ""Swapouts"": 1206130}","[4.86083984375, 4.01904296875, 3.5048828125]"
58,4,50000,4,python,group,warm,main,20261001,73129,"[4.86083984375, 4.01904296875, 3.5048828125]","{""load_average"": [4.86083984375, 4.01904296875, 3.5048828125], ""Pages free"": 19057, ""Pages throttled"": 0, ""Pageouts"": 251908, ""Swapouts"": 1206130}",True,0.003864583,0.003840999999999997,46219264,31850496,46252032,0.04859662499802653,0.003060583,0.004207417,0.003765625,5.4666e-05,64,d73d866c062f1a4202f13fde4d54860ff7c8007107f26300fb8c901717c2d21c,2026-10-01T18:16:51.561919+00:00,2026-10-01T18:16:51.580559+00:00,"{""OMP_NUM_THREADS"": ""1"", ""OPENBLAS_NUM_THREADS"": ""1"", ""MKL_NUM_THREADS"": ""1"", ""VECLIB_MAXIMUM_THREADS"": ""1"", ""NUMEXPR_NUM_THREADS"": ""1""}",0,0.08946662500238745,"{""load_average"": [4.86083984375, 4.01904296875, 3.5048828125], ""Pages free"": 19606, ""Pages throttled"": 0, ""Pageouts"": 251908, ""Swapouts"": 1206130}","[4.86083984375, 4.01904296875, 3.5048828125]"
59,4,50000,4,sqlite,join,warm,main,20261001,73129,"[4.86083984375, 4.01904296875, 3.5048828125]","{""load_average"": [4.86083984375, 4.01904296875, 3.5048828125], ""Pages free"": 19578, ""Pages throttled"": 0, ""Pageouts"": 251908, ""Swapouts"": 1206130}",True,0.014756875,0.014720999999999998,41877504,31866880,41910272,0.04716966600244632,0.002948125,0.023073291,0.015105167,5.2541e-05,8,3c94ae85159a6c617114341bec5aeec8395161e57722793a681f69308b4e8ff6,2026-10-01T18:16:51.657149+00:00,2026-10-01T18:16:51.715077+00:00,"{""OMP_NUM_THREADS"": ""1"", ""OPENBLAS_NUM_THREADS"": ""1"", ""MKL_NUM_THREADS"": ""1"", ""VECLIB_MAXIMUM_THREADS"": ""1"", ""NUMEXPR_NUM_THREADS"": ""1""}",0,0.1261060839970014,"{""load_average"": [4.86083984375, 4.01904296875, 3.5048828125], ""Pages free"": 19620, ""Pages throttled"": 0, ""Pageouts"": 251908, ""Swapouts"": 1206130}","[4.86083984375, 4.01904296875, 3.5048828125]"
60,4,50000,4,python,filter,warm,main,20261001,73129,"[4.86083984375, 4.01904296875, 3.5048828125]","{""load_average"": [4.86083984375, 4.01904296875, 3.5048828125], ""Pages free"": 19852, ""Pages throttled"": 0, ""Pageouts"": 251908, ""Swapouts"": 1206130}",True,0.001125125,0.001128999999999998,46268416,31916032,46399488,0.04686124999716412,0.002857375,0.00464775,0.002652083,0.001323709,5781,f47198486bdc455ede2ad23ea7b1c461fb64b372a429b4f82422af18e7279c8a,2026-10-01T18:16:51.791273+00:00,2026-10-01T18:16:51.807803+00:00,"{""OMP_NUM_THREADS"": ""1"", ""OPENBLAS_NUM_THREADS"": ""1"", ""MKL_NUM_THREADS"": ""1"", ""VECLIB_MAXIMUM_THREADS"": ""1"", ""NUMEXPR_NUM_THREADS"": ""1""}",0,0.08618262500385754,"{""load_average"": [4.71142578125, 4.001953125, 3.50146484375], ""Pages free"": 19328, ""Pages throttled"": 0, ""Pageouts"": 251908, ""Swapouts"": 1206130}","[4.71142578125, 4.001953125, 3.50146484375]"
61,4,50000,4,sqlite,join,cold,main,20261001,73129,"[4.71142578125, 4.001953125, 3.50146484375]","{""load_average"": [4.71142578125, 4.001953125, 3.50146484375], ""Pages free"": 19564, ""Pages throttled"": 0, ""Pageouts"": 251908, ""Swapouts"": 1206130}",True,0.041738625,0.040551000000000004,41697280,31801344,41730048,0.046701958002813626,0.003251,0.023316834,0.0,4.375e-05,8,3c94ae85159a6c617114341bec5aeec8395161e57722793a681f69308b4e8ff6,2026-10-01T18:16:51.884062+00:00,2026-10-01T18:16:51.926172+00:00,"{""OMP_NUM_THREADS"": ""1"", ""OPENBLAS_NUM_THREADS"": ""1"", ""MKL_NUM_THREADS"": ""1"", ""VECLIB_MAXIMUM_THREADS"": ""1"", ""NUMEXPR_NUM_THREADS"": ""1""}",0,0.10985845800314564,"{""load_average"": [4.71142578125, 4.001953125, 3.50146484375], ""Pages free"": 19371, ""Pages throttled"": 0, ""Pageouts"": 251908, ""Swapouts"": 1206130}","[4.71142578125, 4.001953125, 3.50146484375]"
62,4,50000,4,python,join,warm,main,20261001,73129,"[4.71142578125, 4.001953125, 3.50146484375]","{""load_average"": [4.71142578125, 4.001953125, 3.50146484375], ""Pages free"": 19094, ""Pages throttled"": 0, ""Pageouts"": 251908, ""Swapouts"": 1206130}",True,0.005252875,0.005257000000000012,46268416,31916032,46301184,0.04749245800485369,0.002973125,0.004195792,0.005461,4.1208e-05,8,3c94ae85159a6c617114341bec5aeec8395161e57722793a681f69308b4e8ff6,2026-10-01T18:16:52.002876+00:00,2026-10-01T18:16:52.024876+00:00,"{""OMP_NUM_THREADS"": ""1"", ""OPENBLAS_NUM_THREADS"": ""1"", ""MKL_NUM_THREADS"": ""1"", ""VECLIB_MAXIMUM_THREADS"": ""1"", ""NUMEXPR_NUM_THREADS"": ""1""}",0,0.09179087499796879,"{""load_average"": [4.71142578125, 4.001953125, 3.50146484375], ""Pages free"": 19237, ""Pages throttled"": 0, ""Pageouts"": 251908, ""Swapouts"": 1206130}","[4.71142578125, 4.001953125, 3.50146484375]"
63,4,50000,4,sqlite,filter,cold,main,20261001,73129,"[4.71142578125, 4.001953125, 3.50146484375]","{""load_average"": [4.71142578125, 4.001953125, 3.50146484375], ""Pages free"": 19469, ""Pages throttled"": 0, ""Pageouts"": 251908, ""Swapouts"": 1206130}",True,0.029571458,0.028494999999999993,40648704,31981568,40681472,0.0466420839948114,0.003079166,0.023150709,0.0,0.001374292,5781,f47198486bdc455ede2ad23ea7b1c461fb64b372a429b4f82422af18e7279c8a,2026-10-01T18:16:52.101826+00:00,2026-10-01T18:16:52.133072+00:00,"{""OMP_NUM_THREADS"": ""1"", ""OPENBLAS_NUM_THREADS"": ""1"", ""MKL_NUM_THREADS"": ""1"", ""VECLIB_MAXIMUM_THREADS"": ""1"", ""NUMEXPR_NUM_THREADS"": ""1""}",0,0.09917137500451645,"{""load_average"": [4.71142578125, 4.001953125, 3.50146484375], ""Pages free"": 19123, ""Pages throttled"": 0, ""Pageouts"": 251908, ""Swapouts"": 1206130}","[4.71142578125, 4.001953125, 3.50146484375]"
64,4,50000,4,sqlite,filter,warm,main,20261001,73129,"[4.71142578125, 4.001953125, 3.50146484375]","{""load_average"": [4.71142578125, 4.001953125, 3.50146484375], ""Pages free"": 19100, ""Pages throttled"": 0, ""Pageouts"": 251908, ""Swapouts"": 1206130}",True,0.003160458,0.003133999999999998,40665088,31899648,40697856,0.047727207995194476,0.003309875,0.023483792,0.003128959,0.00162025,5781,f47198486bdc455ede2ad23ea7b1c461fb64b372a429b4f82422af18e7279c8a,2026-10-01T18:16:52.210052+00:00,2026-10-01T18:16:52.246766+00:00,"{""OMP_NUM_THREADS"": ""1"", ""OPENBLAS_NUM_THREADS"": ""1"", ""MKL_NUM_THREADS"": ""1"", ""VECLIB_MAXIMUM_THREADS"": ""1"", ""NUMEXPR_NUM_THREADS"": ""1""}",0,0.10599341599299805,"{""load_average"": [4.71142578125, 4.001953125, 3.50146484375], ""Pages free"": 16353, ""Pages throttled"": 0, ""Pageouts"": 251908, ""Swapouts"": 1206130}","[4.71142578125, 4.001953125, 3.50146484375]"
65,4,50000,4,python,join,cold,main,20261001,73129,"[4.71142578125, 4.001953125, 3.50146484375]","{""load_average"": [4.71142578125, 4.001953125, 3.50146484375], ""Pages free"": 16322, ""Pages throttled"": 0, ""Pageouts"": 251908, ""Swapouts"": 1206130}",True,0.012956208,0.012008000000000005,46235648,31866880,46268416,0.04672450000362005,0.0032005,0.004488292,0.0,4.1875e-05,8,3c94ae85159a6c617114341bec5aeec8395161e57722793a681f69308b4e8ff6,2026-10-01T18:16:52.322396+00:00,2026-10-01T18:16:52.335752+00:00,"{""OMP_NUM_THREADS"": ""1"", ""OPENBLAS_NUM_THREADS"": ""1"", ""MKL_NUM_THREADS"": ""1"", ""VECLIB_MAXIMUM_THREADS"": ""1"", ""NUMEXPR_NUM_THREADS"": ""1""}",0,0.08238199999323115,"{""load_average"": [4.71142578125, 4.001953125, 3.50146484375], ""Pages free"": 17978, ""Pages throttled"": 0, ""Pageouts"": 251908, ""Swapouts"": 1206130}","[4.71142578125, 4.001953125, 3.50146484375]"
66,4,50000,4,python,filter,cold,main,20261001,73129,"[4.71142578125, 4.001953125, 3.50146484375]","{""load_average"": [4.71142578125, 4.001953125, 3.50146484375], ""Pages free"": 17954, ""Pages throttled"": 0, ""Pageouts"": 251908, ""Swapouts"": 1206130}",True,0.009942167,0.008966999999999996,46268416,31916032,46399488,0.04913820800720714,0.003376917,0.004045667,0.0,0.00130225,5781,f47198486bdc455ede2ad23ea7b1c461fb64b372a429b4f82422af18e7279c8a,2026-10-01T18:16:52.416335+00:00,2026-10-01T18:16:52.427970+00:00,"{""OMP_NUM_THREADS"": ""1"", ""OPENBLAS_NUM_THREADS"": ""1"", ""MKL_NUM_THREADS"": ""1"", ""VECLIB_MAXIMUM_THREADS"": ""1"", ""NUMEXPR_NUM_THREADS"": ""1""}",0,0.08446362500399118,"{""load_average"": [4.71142578125, 4.001953125, 3.50146484375], ""Pages free"": 17835, ""Pages throttled"": 0, ""Pageouts"": 251908, ""Swapouts"": 1206130}","[4.71142578125, 4.001953125, 3.50146484375]"
67,4,50000,4,python,group,cold,main,20261001,73129,"[4.71142578125, 4.001953125, 3.50146484375]","{""load_average"": [4.71142578125, 4.001953125, 3.50146484375], ""Pages free"": 17804, ""Pages throttled"": 0, ""Pageouts"": 251908, ""Swapouts"": 1206130}",True,0.011400041,0.010565999999999999,46186496,31834112,46219264,0.04702529199857963,0.002993416,0.004566459,0.0,5.7917e-05,64,d73d866c062f1a4202f13fde4d54860ff7c8007107f26300fb8c901717c2d21c,2026-10-01T18:16:52.506650+00:00,2026-10-01T18:16:52.518399+00:00,"{""OMP_NUM_THREADS"": ""1"", ""OPENBLAS_NUM_THREADS"": ""1"", ""MKL_NUM_THREADS"": ""1"", ""VECLIB_MAXIMUM_THREADS"": ""1"", ""NUMEXPR_NUM_THREADS"": ""1""}",0,0.08177562500350177,"{""load_average"": [4.71142578125, 4.001953125, 3.50146484375], ""Pages free"": 18354, ""Pages throttled"": 0, ""Pageouts"": 251908, ""Swapouts"": 1206130}","[4.71142578125, 4.001953125, 3.50146484375]"
68,4,50000,4,pandas,group,warm,main,20261001,73129,"[4.71142578125, 4.001953125, 3.50146484375]","{""load_average"": [4.71142578125, 4.001953125, 3.50146484375], ""Pages free"": 18325, ""Pages throttled"": 0, ""Pageouts"": 251908, ""Swapouts"": 1206130}",True,0.000857416,0.0008610000000000007,72876032,69009408,72908800,0.241433875002258,0.00113825,0.000146709,0.001185125,4.9e-05,64,d73d866c062f1a4202f13fde4d54860ff7c8007107f26300fb8c901717c2d21c,2026-10-01T18:16:52.791349+00:00,2026-10-01T18:16:52.801160+00:00,"{""OMP_NUM_THREADS"": ""1"", ""OPENBLAS_NUM_THREADS"": ""1"", ""MKL_NUM_THREADS"": ""1"", ""VECLIB_MAXIMUM_THREADS"": ""1"", ""NUMEXPR_NUM_THREADS"": ""1""}",0,0.2901305420018616,"{""load_average"": [4.71142578125, 4.001953125, 3.50146484375], ""Pages free"": 18311, ""Pages throttled"": 0, ""Pageouts"": 251908, ""Swapouts"": 1206130}","[4.71142578125, 4.001953125, 3.50146484375]"
69,4,50000,4,sqlite,group,warm,main,20261001,73129,"[4.71142578125, 4.001953125, 3.50146484375]","{""load_average"": [4.71142578125, 4.001953125, 3.50146484375], ""Pages free"": 18027, ""Pages throttled"": 0, ""Pageouts"": 251908, ""Swapouts"": 1206130}",True,0.009895042,0.009787000000000004,41828352,31932416,41877504,0.048846917001355905,0.0030375,0.023438541,0.009934541,5.7625e-05,64,d73d866c062f1a4202f13fde4d54860ff7c8007107f26300fb8c901717c2d21c,2026-10-01T18:16:52.898152+00:00,2026-10-01T18:16:52.946735+00:00,"{""OMP_NUM_THREADS"": ""1"", ""OPENBLAS_NUM_THREADS"": ""1"", ""MKL_NUM_THREADS"": ""1"", ""VECLIB_MAXIMUM_THREADS"": ""1"", ""NUMEXPR_NUM_THREADS"": ""1""}",0,0.11907125000288943,"{""load_average"": [4.71142578125, 4.001953125, 3.50146484375], ""Pages free"": 18360, ""Pages throttled"": 0, ""Pageouts"": 251908, ""Swapouts"": 1206130}","[4.71142578125, 4.001953125, 3.50146484375]"
70,4,50000,4,sqlite,group,cold,main,20261001,73129,"[4.71142578125, 4.001953125, 3.50146484375]","{""load_average"": [4.71142578125, 4.001953125, 3.50146484375], ""Pages free"": 18331, ""Pages throttled"": 0, ""Pageouts"": 251908, ""Swapouts"": 1206130}",True,0.036872291,0.035746,41877504,31916032,41926656,0.05009716700442368,0.003427208,0.023705167,0.0,5.6209e-05,64,d73d866c062f1a4202f13fde4d54860ff7c8007107f26300fb8c901717c2d21c,2026-10-01T18:16:53.026163+00:00,2026-10-01T18:16:53.063316+00:00,"{""OMP_NUM_THREADS"": ""1"", ""OPENBLAS_NUM_THREADS"": ""1"", ""MKL_NUM_THREADS"": ""1"", ""VECLIB_MAXIMUM_THREADS"": ""1"", ""NUMEXPR_NUM_THREADS"": ""1""}",0,0.10882487500202842,"{""load_average"": [4.71142578125, 4.001953125, 3.50146484375], ""Pages free"": 17794, ""Pages throttled"": 0, ""Pageouts"": 251908, ""Swapouts"": 1206130}","[4.71142578125, 4.001953125, 3.50146484375]"
71,4,50000,4,pandas,group,cold,main,20261001,73129,"[4.71142578125, 4.001953125, 3.50146484375]","{""load_average"": [4.71142578125, 4.001953125, 3.50146484375], ""Pages free"": 17768, ""Pages throttled"": 0, ""Pageouts"": 251908, ""Swapouts"": 1206130}",True,0.002540166,0.0023769999999999902,73121792,69287936,73154560,0.24626687500131084,0.001211125,0.000153291,0.0,3.9833e-05,64,d73d866c062f1a4202f13fde4d54860ff7c8007107f26300fb8c901717c2d21c,2026-10-01T18:16:53.338262+00:00,2026-10-01T18:16:53.341256+00:00,"{""OMP_NUM_THREADS"": ""1"", ""OPENBLAS_NUM_THREADS"": ""1"", ""MKL_NUM_THREADS"": ""1"", ""VECLIB_MAXIMUM_THREADS"": ""1"", ""NUMEXPR_NUM_THREADS"": ""1""}",0,0.28774466699542245,"{""load_average"": [4.71142578125, 4.001953125, 3.50146484375], ""Pages free"": 17619, ""Pages throttled"": 0, ""Pageouts"": 251908, ""Swapouts"": 1206130}","[4.71142578125, 4.001953125, 3.50146484375]"
72,4,50000,4,pandas,join,warm,main,20261001,73129,"[4.71142578125, 4.001953125, 3.50146484375]","{""load_average"": [4.71142578125, 4.001953125, 3.50146484375], ""Pages free"": 17597, ""Pages throttled"": 0, ""Pageouts"": 251908, ""Swapouts"": 1206130}",True,0.002113292,0.002117999999999981,76922880,68911104,76972032,0.24135512499924516,0.001315791,0.000174834,0.003033208,3.7584e-05,8,3c94ae85159a6c617114341bec5aeec8395161e57722793a681f69308b4e8ff6,2026-10-01T18:16:53.628900+00:00,2026-10-01T18:16:53.640673+00:00,"{""OMP_NUM_THREADS"": ""1"", ""OPENBLAS_NUM_THREADS"": ""1"", ""MKL_NUM_THREADS"": ""1"", ""VECLIB_MAXIMUM_THREADS"": ""1"", ""NUMEXPR_NUM_THREADS"": ""1""}",0,0.2898382089988445,"{""load_average"": [4.71142578125, 4.001953125, 3.50146484375], ""Pages free"": 18629, ""Pages throttled"": 0, ""Pageouts"": 251908, ""Swapouts"": 1206130}","[4.71142578125, 4.001953125, 3.50146484375]"
73,5,250000,1,python,join,warm,main,20261001,73129,"[4.71142578125, 4.001953125, 3.50146484375]","{""load_average"": [4.71142578125, 4.001953125, 3.50146484375], ""Pages free"": 16210, ""Pages throttled"": 0, ""Pageouts"": 251908, ""Swapouts"": 1206130}",True,0.0274835,0.027341000000000004,96862208,31965184,96894976,0.05666395799926249,0.008560667,0.025731292,0.0264485,5.4917e-05,8,0104f6aa03972640e0b632cfeb321caa0cfb49c858a4849d027924b885afa4ec,2026-10-01T18:16:54.758284+00:00,2026-10-01T18:16:54.864704+00:00,"{""OMP_NUM_THREADS"": ""1"", ""OPENBLAS_NUM_THREADS"": ""1"", ""MKL_NUM_THREADS"": ""1"", ""VECLIB_MAXIMUM_THREADS"": ""1"", ""NUMEXPR_NUM_THREADS"": ""1""}",0,0.2049511250006617,"{""load_average"": [4.71142578125, 4.001953125, 3.50146484375], ""Pages free"": 16764, ""Pages throttled"": 0, ""Pageouts"": 251908, ""Swapouts"": 1206130}","[4.71142578125, 4.001953125, 3.50146484375]"
74,5,250000,1,pandas,join,warm,main,20261001,73129,"[4.71142578125, 4.001953125, 3.50146484375]","{""load_average"": [4.71142578125, 4.001953125, 3.50146484375], ""Pages free"": 16743, ""Pages throttled"": 0, ""Pageouts"": 251908, ""Swapouts"": 1206130}",True,0.007721334,0.007715,115458048,68993024,115507200,0.2408701669992297,0.002715708,0.00016425,0.010355583,4.9375e-05,8,0104f6aa03972640e0b632cfeb321caa0cfb49c858a4849d027924b885afa4ec,2026-10-01T18:16:55.147385+00:00,2026-10-01T18:16:55.174756+00:00,"{""OMP_NUM_THREADS"": ""1"", ""OPENBLAS_NUM_THREADS"": ""1"", ""MKL_NUM_THREADS"": ""1"", ""VECLIB_MAXIMUM_THREADS"": ""1"", ""NUMEXPR_NUM_THREADS"": ""1""}",0,0.31014370799675817,"{""load_average"": [4.71142578125, 4.001953125, 3.50146484375], ""Pages free"": 16588, ""Pages throttled"": 0, ""Pageouts"": 251908, ""Swapouts"": 1206130}","[4.71142578125, 4.001953125, 3.50146484375]"
75,5,250000,1,pandas,filter,cold,main,20261001,73129,"[4.71142578125, 4.001953125, 3.50146484375]","{""load_average"": [4.71142578125, 4.001953125, 3.50146484375], ""Pages free"": 16571, ""Pages throttled"": 0, ""Pageouts"": 251908, ""Swapouts"": 1206130}",True,0.009246458,0.008749000000000007,88866816,68960256,89030656,0.23656137500074692,0.002963583,0.000322375,0.0,0.006427083,28141,cdbab1e391e55021fa7b0416ef3d094bf777bc1af418dddee702665ba775535a,2026-10-01T18:16:55.458486+00:00,2026-10-01T18:16:55.474499+00:00,"{""OMP_NUM_THREADS"": ""1"", ""OPENBLAS_NUM_THREADS"": ""1"", ""MKL_NUM_THREADS"": ""1"", ""VECLIB_MAXIMUM_THREADS"": ""1"", ""NUMEXPR_NUM_THREADS"": ""1""}",0,0.29113883299578447,"{""load_average"": [4.71142578125, 4.001953125, 3.50146484375], ""Pages free"": 17231, ""Pages throttled"": 0, ""Pageouts"": 251908, ""Swapouts"": 1206130}","[4.71142578125, 4.001953125, 3.50146484375]"
76,5,250000,1,sqlite,filter,cold,main,20261001,73129,"[4.71142578125, 4.001953125, 3.50146484375]","{""load_average"": [4.71142578125, 4.001953125, 3.50146484375], ""Pages free"": 16953, ""Pages throttled"": 0, ""Pageouts"": 251908, ""Swapouts"": 1206130}",True,0.128304,0.126824,55459840,31850496,55623680,0.04844079200120177,0.004481625,0.108447708,0.0,0.006413708,28141,cdbab1e391e55021fa7b0416ef3d094bf777bc1af418dddee702665ba775535a,2026-10-01T18:16:55.569579+00:00,2026-10-01T18:16:55.704570+00:00,"{""OMP_NUM_THREADS"": ""1"", ""OPENBLAS_NUM_THREADS"": ""1"", ""MKL_NUM_THREADS"": ""1"", ""VECLIB_MAXIMUM_THREADS"": ""1"", ""NUMEXPR_NUM_THREADS"": ""1""}",0,0.2051417920010863,"{""load_average"": [4.71142578125, 4.001953125, 3.50146484375], ""Pages free"": 18239, ""Pages throttled"": 0, ""Pageouts"": 251908, ""Swapouts"": 1206130}","[4.71142578125, 4.001953125, 3.50146484375]"
77,5,250000,1,python,join,cold,main,20261001,73129,"[4.71142578125, 4.001953125, 3.50146484375]","{""load_average"": [4.71142578125, 4.001953125, 3.50146484375], ""Pages free"": 18465, ""Pages throttled"": 0, ""Pageouts"": 251908, ""Swapouts"": 1206130}",True,0.052682916,0.05154,96862208,31932416,96894976,0.04819320899696322,0.004441583,0.022219958,0.0,4.4667e-05,8,0104f6aa03972640e0b632cfeb321caa0cfb49c858a4849d027924b885afa4ec,2026-10-01T18:16:55.782000+00:00,2026-10-01T18:16:55.835052+00:00,"{""OMP_NUM_THREADS"": ""1"", ""OPENBLAS_NUM_THREADS"": ""1"", ""MKL_NUM_THREADS"": ""1"", ""VECLIB_MAXIMUM_THREADS"": ""1"", ""NUMEXPR_NUM_THREADS"": ""1""}",0,0.13046808400395093,"{""load_average"": [4.71142578125, 4.001953125, 3.50146484375], ""Pages free"": 16452, ""Pages throttled"": 0, ""Pageouts"": 251908, ""Swapouts"": 1206130}","[4.71142578125, 4.001953125, 3.50146484375]"
78,5,250000,1,python,group,cold,main,20261001,73129,"[4.71142578125, 4.001953125, 3.50146484375]","{""load_average"": [4.71142578125, 4.001953125, 3.50146484375], ""Pages free"": 16694, ""Pages throttled"": 0, ""Pageouts"": 251908, ""Swapouts"": 1206130}",True,0.04501825,0.043809,96845824,31916032,96878592,0.04686187500192318,0.004731084,0.0219755,0.0,5.8958e-05,64,cb27f065f967c64d273dda7382a758429eae912833ec110b88dd344410074758,2026-10-01T18:16:55.918591+00:00,2026-10-01T18:16:55.963934+00:00,"{""OMP_NUM_THREADS"": ""1"", ""OPENBLAS_NUM_THREADS"": ""1"", ""MKL_NUM_THREADS"": ""1"", ""VECLIB_MAXIMUM_THREADS"": ""1"", ""NUMEXPR_NUM_THREADS"": ""1""}",0,0.12164208299509482,"{""load_average"": [4.71142578125, 4.001953125, 3.50146484375], ""Pages free"": 17082, ""Pages throttled"": 0, ""Pageouts"": 251908, ""Swapouts"": 1206130}","[4.71142578125, 4.001953125, 3.50146484375]"
79,5,250000,1,sqlite,group,warm,main,20261001,73129,"[4.71142578125, 4.001953125, 3.50146484375]","{""load_average"": [4.71142578125, 4.001953125, 3.50146484375], ""Pages free"": 17053, ""Pages throttled"": 0, ""Pageouts"": 251908, ""Swapouts"": 1206130}",True,0.0559675,0.055481,61276160,31850496,61308928,0.04734783399908338,0.004634541,0.109652334,0.055859625,5.675e-05,64,cb27f065f967c64d273dda7382a758429eae912833ec110b88dd344410074758,2026-10-01T18:16:56.048795+00:00,2026-10-01T18:16:56.277084+00:00,"{""OMP_NUM_THREADS"": ""1"", ""OPENBLAS_NUM_THREADS"": ""1"", ""MKL_NUM_THREADS"": ""1"", ""VECLIB_MAXIMUM_THREADS"": ""1"", ""NUMEXPR_NUM_THREADS"": ""1""}",0,0.2980723750006291,"{""load_average"": [4.71142578125, 4.001953125, 3.50146484375], ""Pages free"": 15133, ""Pages throttled"": 0, ""Pageouts"": 251908, ""Swapouts"": 1206130}","[4.71142578125, 4.001953125, 3.50146484375]"
80,5,250000,1,python,filter,cold,main,20261001,73129,"[4.71142578125, 4.001953125, 3.50146484375]","{""load_average"": [4.71142578125, 4.001953125, 3.50146484375], ""Pages free"": 15174, ""Pages throttled"": 0, ""Pageouts"": 251908, ""Swapouts"": 1206130}",True,0.044028417,0.042412000000000005,98484224,31916032,98648064,0.04593491600098787,0.004889667,0.022781292,0.0,0.006581416,28141,cdbab1e391e55021fa7b0416ef3d094bf777bc1af418dddee702665ba775535a,2026-10-01T18:16:56.354543+00:00,2026-10-01T18:16:56.405442+00:00,"{""OMP_NUM_THREADS"": ""1"", ""OPENBLAS_NUM_THREADS"": ""1"", ""MKL_NUM_THREADS"": ""1"", ""VECLIB_MAXIMUM_THREADS"": ""1"", ""NUMEXPR_NUM_THREADS"": ""1""}",0,0.12767766600154573,"{""load_average"": [4.71142578125, 4.001953125, 3.50146484375], ""Pages free"": 16125, ""Pages throttled"": 0, ""Pageouts"": 251908, ""Swapouts"": 1206130}","[4.71142578125, 4.001953125, 3.50146484375]"
81,5,250000,1,python,group,warm,main,20261001,73129,"[4.71142578125, 4.001953125, 3.50146484375]","{""load_average"": [4.71142578125, 4.001953125, 3.50146484375], ""Pages free"": 16096, ""Pages throttled"": 0, ""Pageouts"": 251908, ""Swapouts"": 1206130}",True,0.018225625,0.01816799999999999,96780288,31850496,96813056,0.04888858400227036,0.004425167,0.022233708,0.017814042,5.4084e-05,64,cb27f065f967c64d273dda7382a758429eae912833ec110b88dd344410074758,2026-10-01T18:16:56.493498+00:00,2026-10-01T18:16:56.571196+00:00,"{""OMP_NUM_THREADS"": ""1"", ""OPENBLAS_NUM_THREADS"": ""1"", ""MKL_NUM_THREADS"": ""1"", ""VECLIB_MAXIMUM_THREADS"": ""1"", ""NUMEXPR_NUM_THREADS"": ""1""}",0,0.15564449999510543,"{""load_average"": [4.71142578125, 4.001953125, 3.50146484375], ""Pages free"": 15446, ""Pages throttled"": 0, ""Pageouts"": 251908, ""Swapouts"": 1206130}","[4.71142578125, 4.001953125, 3.50146484375]"
82,5,250000,1,pandas,group,cold,main,20261001,73129,"[4.71142578125, 4.001953125, 3.50146484375]","{""load_average"": [4.71142578125, 4.001953125, 3.50146484375], ""Pages free"": 15416, ""Pages throttled"": 0, ""Pageouts"": 251908, ""Swapouts"": 1206130}",True,0.005876,0.005758000000000013,86310912,68960256,86343680,0.22081574999901932,0.002622375,0.000166584,0.0,3.9791e-05,64,cb27f065f967c64d273dda7382a758429eae912833ec110b88dd344410074758,2026-10-01T18:16:56.828158+00:00,2026-10-01T18:16:56.834546+00:00,"{""OMP_NUM_THREADS"": ""1"", ""OPENBLAS_NUM_THREADS"": ""1"", ""MKL_NUM_THREADS"": ""1"", ""VECLIB_MAXIMUM_THREADS"": ""1"", ""NUMEXPR_NUM_THREADS"": ""1""}",0,0.26680629199836403,"{""load_average"": [4.654296875, 4.00146484375, 3.50390625], ""Pages free"": 13514, ""Pages throttled"": 0, ""Pageouts"": 251908, ""Swapouts"": 1206130}","[4.654296875, 4.00146484375, 3.50390625]"
83,5,250000,1,sqlite,group,cold,main,20261001,73129,"[4.654296875, 4.00146484375, 3.50390625]","{""load_average"": [4.654296875, 4.00146484375, 3.50390625], ""Pages free"": 13367, ""Pages throttled"": 0, ""Pageouts"": 251908, ""Swapouts"": 1206130}",True,0.16865825,0.16724699999999998,61243392,31899648,61276160,0.045047166000586,0.0043125,0.110186417,0.0,6.9208e-05,64,cb27f065f967c64d273dda7382a758429eae912833ec110b88dd344410074758,2026-10-01T18:16:56.926416+00:00,2026-10-01T18:16:57.095332+00:00,"{""OMP_NUM_THREADS"": ""1"", ""OPENBLAS_NUM_THREADS"": ""1"", ""MKL_NUM_THREADS"": ""1"", ""VECLIB_MAXIMUM_THREADS"": ""1"", ""NUMEXPR_NUM_THREADS"": ""1""}",0,0.2350507080045645,"{""load_average"": [4.654296875, 4.00146484375, 3.50390625], ""Pages free"": 11920, ""Pages throttled"": 0, ""Pageouts"": 251908, ""Swapouts"": 1206130}","[4.654296875, 4.00146484375, 3.50390625]"
84,5,250000,1,python,filter,warm,main,20261001,73129,"[4.654296875, 4.00146484375, 3.50390625]","{""load_average"": [4.654296875, 4.00146484375, 3.50390625], ""Pages free"": 11633, ""Pages throttled"": 0, ""Pageouts"": 251908, ""Swapouts"": 1206130}",True,0.006444791,0.006333000000000005,98385920,31834112,98549760,0.044766334001906216,0.004130917,0.02173525,0.015701958,0.006555208,28141,cdbab1e391e55021fa7b0416ef3d094bf777bc1af418dddee702665ba775535a,2026-10-01T18:16:57.168786+00:00,2026-10-01T18:16:57.237389+00:00,"{""OMP_NUM_THREADS"": ""1"", ""OPENBLAS_NUM_THREADS"": ""1"", ""MKL_NUM_THREADS"": ""1"", ""VECLIB_MAXIMUM_THREADS"": ""1"", ""NUMEXPR_NUM_THREADS"": ""1""}",0,0.14340504100255203,"{""load_average"": [4.654296875, 4.00146484375, 3.50390625], ""Pages free"": 10865, ""Pages throttled"": 0, ""Pageouts"": 251908, ""Swapouts"": 1206130}","[4.654296875, 4.00146484375, 3.50390625]"
85,5,250000,1,sqlite,join,warm,main,20261001,73129,"[4.654296875, 4.00146484375, 3.50390625]","{""load_average"": [4.654296875, 4.00146484375, 3.50390625], ""Pages free"": 10579, ""Pages throttled"": 0, ""Pageouts"": 251908, ""Swapouts"": 1206130}",True,0.0757,0.07538400000000003,61341696,31932416,61374464,0.04564583300088998,0.004199,0.110968042,0.076964666,4.5334e-05,8,0104f6aa03972640e0b632cfeb321caa0cfb49c858a4849d027924b885afa4ec,2026-10-01T18:16:57.319164+00:00,2026-10-01T18:16:57.589271+00:00,"{""OMP_NUM_THREADS"": ""1"", ""OPENBLAS_NUM_THREADS"": ""1"", ""MKL_NUM_THREADS"": ""1"", ""VECLIB_MAXIMUM_THREADS"": ""1"", ""NUMEXPR_NUM_THREADS"": ""1""}",0,0.33679358300287277,"{""load_average"": [4.654296875, 4.00146484375, 3.50390625], ""Pages free"": 8739, ""Pages throttled"": 0, ""Pageouts"": 251908, ""Swapouts"": 1206130}","[4.654296875, 4.00146484375, 3.50390625]"
86,5,250000,1,sqlite,filter,warm,main,20261001,73129,"[4.654296875, 4.00146484375, 3.50390625]","{""load_average"": [4.654296875, 4.00146484375, 3.50390625], ""Pages free"": 8965, ""Pages throttled"": 0, ""Pageouts"": 251908, ""Swapouts"": 1206130}",True,0.01540525,0.015356999999999982,55574528,31948800,55721984,0.044648791998042725,0.004410375,0.10941875,0.015936708,0.006835542,28141,cdbab1e391e55021fa7b0416ef3d094bf777bc1af418dddee702665ba775535a,2026-10-01T18:16:57.661801+00:00,2026-10-01T18:16:57.816190+00:00,"{""OMP_NUM_THREADS"": ""1"", ""OPENBLAS_NUM_THREADS"": ""1"", ""MKL_NUM_THREADS"": ""1"", ""VECLIB_MAXIMUM_THREADS"": ""1"", ""NUMEXPR_NUM_THREADS"": ""1""}",0,0.22031566700024996,"{""load_average"": [4.654296875, 4.00146484375, 3.50390625], ""Pages free"": 6475, ""Pages throttled"": 0, ""Pageouts"": 251908, ""Swapouts"": 1206130}","[4.654296875, 4.00146484375, 3.50390625]"
87,5,250000,1,sqlite,join,cold,main,20261001,73129,"[4.654296875, 4.00146484375, 3.50390625]","{""load_average"": [4.654296875, 4.00146484375, 3.50390625], ""Pages free"": 6195, ""Pages throttled"": 0, ""Pageouts"": 251908, ""Swapouts"": 1206130}",True,0.191003542,0.18949900000000003,61308928,31834112,61341696,0.044702415994834155,0.004195417,0.109453833,0.0,4.0834e-05,8,0104f6aa03972640e0b632cfeb321caa0cfb49c858a4849d027924b885afa4ec,2026-10-01T18:16:57.889458+00:00,2026-10-01T18:16:58.080814+00:00,"{""OMP_NUM_THREADS"": ""1"", ""OPENBLAS_NUM_THREADS"": ""1"", ""MKL_NUM_THREADS"": ""1"", ""VECLIB_MAXIMUM_THREADS"": ""1"", ""NUMEXPR_NUM_THREADS"": ""1""}",0,0.2576136249990668,"{""load_average"": [4.654296875, 4.00146484375, 3.50390625], ""Pages free"": 6395, ""Pages throttled"": 0, ""Pageouts"": 251909, ""Swapouts"": 1206130}","[4.654296875, 4.00146484375, 3.50390625]"
88,5,250000,1,pandas,filter,warm,main,20261001,73129,"[4.654296875, 4.00146484375, 3.50390625]","{""load_average"": [4.654296875, 4.00146484375, 3.50390625], ""Pages free"": 6621, ""Pages throttled"": 0, ""Pageouts"": 251909, ""Swapouts"": 1206130}",True,0.005262083,0.005261999999999989,88948736,69042176,89112576,0.2297549170034472,0.002937042,0.000172458,0.006626208,0.006896292,28141,cdbab1e391e55021fa7b0416ef3d094bf777bc1af418dddee702665ba775535a,2026-10-01T18:16:58.339866+00:00,2026-10-01T18:16:58.367790+00:00,"{""OMP_NUM_THREADS"": ""1"", ""OPENBLAS_NUM_THREADS"": ""1"", ""MKL_NUM_THREADS"": ""1"", ""VECLIB_MAXIMUM_THREADS"": ""1"", ""NUMEXPR_NUM_THREADS"": ""1""}",0,0.29820541699882597,"{""load_average"": [4.654296875, 4.00146484375, 3.50390625], ""Pages free"": 9397, ""Pages throttled"": 0, ""Pageouts"": 251911, ""Swapouts"": 1206130}","[4.654296875, 4.00146484375, 3.50390625]"
89,5,250000,1,pandas,group,warm,main,20261001,73129,"[4.654296875, 4.00146484375, 3.50390625]","{""load_average"": [4.654296875, 4.00146484375, 3.50390625], ""Pages free"": 9624, ""Pages throttled"": 0, ""Pageouts"": 251911, ""Swapouts"": 1206130}",True,0.002180833,0.0021860000000000213,86409216,69025792,86441984,0.2246666249993723,0.002507208,0.000164167,0.0032195,5.0583e-05,64,cb27f065f967c64d273dda7382a758429eae912833ec110b88dd344410074758,2026-10-01T18:16:58.641247+00:00,2026-10-01T18:16:58.656981+00:00,"{""OMP_NUM_THREADS"": ""1"", ""OPENBLAS_NUM_THREADS"": ""1"", ""MKL_NUM_THREADS"": ""1"", ""VECLIB_MAXIMUM_THREADS"": ""1"", ""NUMEXPR_NUM_THREADS"": ""1""}",0,0.27825237499928335,"{""load_average"": [4.654296875, 4.00146484375, 3.50390625], ""Pages free"": 7414, ""Pages throttled"": 0, ""Pageouts"": 251911, ""Swapouts"": 1206130}","[4.654296875, 4.00146484375, 3.50390625]"
90,5,250000,1,pandas,join,cold,main,20261001,73129,"[4.654296875, 4.00146484375, 3.50390625]","{""load_average"": [4.654296875, 4.00146484375, 3.50390625], ""Pages free"": 7649, ""Pages throttled"": 0, ""Pageouts"": 251911, ""Swapouts"": 1206130}",True,0.01558975,0.015434000000000003,115146752,68894720,115179520,0.22513291599898366,0.002955708,0.000207167,0.0,2.9459e-05,8,0104f6aa03972640e0b632cfeb321caa0cfb49c858a4849d027924b885afa4ec,2026-10-01T18:16:58.926513+00:00,2026-10-01T18:16:58.942445+00:00,"{""OMP_NUM_THREADS"": ""1"", ""OPENBLAS_NUM_THREADS"": ""1"", ""MKL_NUM_THREADS"": ""1"", ""VECLIB_MAXIMUM_THREADS"": ""1"", ""NUMEXPR_NUM_THREADS"": ""1""}",0,0.28051487499760697,"{""load_average"": [4.654296875, 4.00146484375, 3.50390625], ""Pages free"": 9602, ""Pages throttled"": 0, ""Pageouts"": 251911, ""Swapouts"": 1206130}","[4.654296875, 4.00146484375, 3.50390625]"
91,6,50000,2,python,join,cold,main,20261001,73129,"[4.654296875, 4.00146484375, 3.50390625]","{""load_average"": [4.654296875, 4.00146484375, 3.50390625], ""Pages free"": 5686, ""Pages throttled"": 0, ""Pageouts"": 251911, ""Swapouts"": 1206130}",True,0.013276709,0.012787000000000007,46219264,31866880,46252032,0.05239320800319547,0.00294075,0.004943709,0.0,5.5042e-05,8,3c94ae85159a6c617114341bec5aeec8395161e57722793a681f69308b4e8ff6,2026-10-01T18:17:00.066094+00:00,2026-10-01T18:17:00.079712+00:00,"{""OMP_NUM_THREADS"": ""1"", ""OPENBLAS_NUM_THREADS"": ""1"", ""MKL_NUM_THREADS"": ""1"", ""VECLIB_MAXIMUM_THREADS"": ""1"", ""NUMEXPR_NUM_THREADS"": ""1""}",0,0.10044908300187672,"{""load_average"": [4.654296875, 4.00146484375, 3.50390625], ""Pages free"": 5116, ""Pages throttled"": 0, ""Pageouts"": 251914, ""Swapouts"": 1206130}","[4.654296875, 4.00146484375, 3.50390625]"
92,6,50000,2,sqlite,group,warm,main,20261001,73129,"[4.654296875, 4.00146484375, 3.50390625]","{""load_average"": [4.654296875, 4.00146484375, 3.50390625], ""Pages free"": 5146, ""Pages throttled"": 0, ""Pageouts"": 251914, ""Swapouts"": 1206130}",True,0.010093708,0.009989999999999999,41779200,31817728,41811968,0.04566216599778272,0.002735375,0.023562333,0.00977225,6.4667e-05,64,d73d866c062f1a4202f13fde4d54860ff7c8007107f26300fb8c901717c2d21c,2026-10-01T18:17:00.171540+00:00,2026-10-01T18:17:00.220344+00:00,"{""OMP_NUM_THREADS"": ""1"", ""OPENBLAS_NUM_THREADS"": ""1"", ""MKL_NUM_THREADS"": ""1"", ""VECLIB_MAXIMUM_THREADS"": ""1"", ""NUMEXPR_NUM_THREADS"": ""1""}",0,0.11705149999761488,"{""load_average"": [4.654296875, 4.00146484375, 3.50390625], ""Pages free"": 6008, ""Pages throttled"": 0, ""Pageouts"": 251914, ""Swapouts"": 1206130}","[4.654296875, 4.00146484375, 3.50390625]"
93,6,50000,2,pandas,filter,warm,main,20261001,73129,"[4.654296875, 4.00146484375, 3.50390625]","{""load_average"": [4.654296875, 4.00146484375, 3.50390625], ""Pages free"": 5989, ""Pages throttled"": 0, ""Pageouts"": 251914, ""Swapouts"": 1206130}",True,0.001316084,0.0013210000000000166,73252864,68927488,73416704,0.2349594170009368,0.001135917,0.000162625,0.001793291,0.001394,5781,f47198486bdc455ede2ad23ea7b1c461fb64b372a429b4f82422af18e7279c8a,2026-10-01T18:17:00.489944+00:00,2026-10-01T18:17:00.501579+00:00,"{""OMP_NUM_THREADS"": ""1"", ""OPENBLAS_NUM_THREADS"": ""1"", ""MKL_NUM_THREADS"": ""1"", ""VECLIB_MAXIMUM_THREADS"": ""1"", ""NUMEXPR_NUM_THREADS"": ""1""}",0,0.2859884170029545,"{""load_average"": [4.654296875, 4.00146484375, 3.50390625], ""Pages free"": 7469, ""Pages throttled"": 0, ""Pageouts"": 251914, ""Swapouts"": 1206130}","[4.654296875, 4.00146484375, 3.50390625]"
94,6,50000,2,python,filter,warm,main,20261001,73129,"[4.654296875, 4.00146484375, 3.50390625]","{""load_average"": [4.654296875, 4.00146484375, 3.50390625], ""Pages free"": 7690, ""Pages throttled"": 0, ""Pageouts"": 251914, ""Swapouts"": 1206130}",True,0.001125083,0.001128999999999998,46268416,31883264,46399488,0.04690991700044833,0.002996459,0.0042525,0.002434,0.001310333,5781,f47198486bdc455ede2ad23ea7b1c461fb64b372a429b4f82422af18e7279c8a,2026-10-01T18:17:00.594223+00:00,2026-10-01T18:17:00.609864+00:00,"{""OMP_NUM_THREADS"": ""1"", ""OPENBLAS_NUM_THREADS"": ""1"", ""MKL_NUM_THREADS"": ""1"", ""VECLIB_MAXIMUM_THREADS"": ""1"", ""NUMEXPR_NUM_THREADS"": ""1""}",0,0.08512420799524989,"{""load_average"": [4.654296875, 4.00146484375, 3.50390625], ""Pages free"": 7059, ""Pages throttled"": 0, ""Pageouts"": 251914, ""Swapouts"": 1206130}","[4.654296875, 4.00146484375, 3.50390625]"
95,6,50000,2,python,group,warm,main,20261001,73129,"[4.654296875, 4.00146484375, 3.50390625]","{""load_average"": [4.654296875, 4.00146484375, 3.50390625], ""Pages free"": 6783, ""Pages throttled"": 0, ""Pageouts"": 251914, ""Swapouts"": 1206130}",True,0.003710916,0.003715999999999997,46317568,31981568,46350336,0.04777537499467144,0.002837458,0.004093375,0.004062709,5.6e-05,64,d73d866c062f1a4202f13fde4d54860ff7c8007107f26300fb8c901717c2d21c,2026-10-01T18:17:00.686714+00:00,2026-10-01T18:17:00.705756+00:00,"{""OMP_NUM_THREADS"": ""1"", ""OPENBLAS_NUM_THREADS"": ""1"", ""MKL_NUM_THREADS"": ""1"", ""VECLIB_MAXIMUM_THREADS"": ""1"", ""NUMEXPR_NUM_THREADS"": ""1""}",0,0.08886145900032716,"{""load_average"": [4.654296875, 4.00146484375, 3.50390625], ""Pages free"": 6975, ""Pages throttled"": 0, ""Pageouts"": 251914, ""Swapouts"": 1206130}","[4.654296875, 4.00146484375, 3.50390625]"
96,6,50000,2,python,join,warm,main,20261001,73129,"[4.654296875, 4.00146484375, 3.50390625]","{""load_average"": [4.654296875, 4.00146484375, 3.50390625], ""Pages free"": 6699, ""Pages throttled"": 0, ""Pageouts"": 251914, ""Swapouts"": 1206130}",True,0.005529458,0.005503999999999995,46153728,31801344,46186496,0.04440691699710442,0.003154041,0.004266334,0.004999083,4.7791e-05,8,3c94ae85159a6c617114341bec5aeec8395161e57722793a681f69308b4e8ff6,2026-10-01T18:17:00.780167+00:00,2026-10-01T18:17:00.802354+00:00,"{""OMP_NUM_THREADS"": ""1"", ""OPENBLAS_NUM_THREADS"": ""1"", ""MKL_NUM_THREADS"": ""1"", ""VECLIB_MAXIMUM_THREADS"": ""1"", ""NUMEXPR_NUM_THREADS"": ""1""}",0,0.088265375001356,"{""load_average"": [4.654296875, 4.00146484375, 3.50390625], ""Pages free"": 6957, ""Pages throttled"": 0, ""Pageouts"": 251914, ""Swapouts"": 1206130}","[4.654296875, 4.00146484375, 3.50390625]"
97,6,50000,2,sqlite,filter,cold,main,20261001,73129,"[4.654296875, 4.00146484375, 3.50390625]","{""load_average"": [4.654296875, 4.00146484375, 3.50390625], ""Pages free"": 6927, ""Pages throttled"": 0, ""Pageouts"": 251914, ""Swapouts"": 1206130}",True,0.029740833,0.028732000000000008,40468480,31899648,40501248,0.04841149999992922,0.003021292,0.023573208,0.0,0.00146925,5781,f47198486bdc455ede2ad23ea7b1c461fb64b372a429b4f82422af18e7279c8a,2026-10-01T18:17:00.881776+00:00,2026-10-01T18:17:00.913234+00:00,"{""OMP_NUM_THREADS"": ""1"", ""OPENBLAS_NUM_THREADS"": ""1"", ""MKL_NUM_THREADS"": ""1"", ""VECLIB_MAXIMUM_THREADS"": ""1"", ""NUMEXPR_NUM_THREADS"": ""1""}",0,0.10130366699740989,"{""load_average"": [4.654296875, 4.00146484375, 3.50390625], ""Pages free"": 6783, ""Pages throttled"": 0, ""Pageouts"": 251914, ""Swapouts"": 1206130}","[4.654296875, 4.00146484375, 3.50390625]"
98,6,50000,2,pandas,join,cold,main,20261001,73129,"[4.654296875, 4.00146484375, 3.50390625]","{""load_average"": [4.654296875, 4.00146484375, 3.50390625], ""Pages free"": 6757, ""Pages throttled"": 0, ""Pageouts"": 251914, ""Swapouts"": 1206130}",True,0.004500709,0.0043300000000000005,76873728,68878336,76906496,0.2325343340053223,0.001101709,0.000146541,0.0,2.6959e-05,8,3c94ae85159a6c617114341bec5aeec8395161e57722793a681f69308b4e8ff6,2026-10-01T18:17:01.175475+00:00,2026-10-01T18:17:01.180353+00:00,"{""OMP_NUM_THREADS"": ""1"", ""OPENBLAS_NUM_THREADS"": ""1"", ""MKL_NUM_THREADS"": ""1"", ""VECLIB_MAXIMUM_THREADS"": ""1"", ""NUMEXPR_NUM_THREADS"": ""1""}",0,0.27777120799873956,"{""load_average"": [4.654296875, 4.00146484375, 3.50390625], ""Pages free"": 6687, ""Pages throttled"": 0, ""Pageouts"": 251914, ""Swapouts"": 1206130}","[4.654296875, 4.00146484375, 3.50390625]"
99,6,50000,2,sqlite,join,cold,main,20261001,73129,"[4.654296875, 4.00146484375, 3.50390625]","{""load_average"": [4.654296875, 4.00146484375, 3.50390625], ""Pages free"": 6668, ""Pages throttled"": 0, ""Pageouts"": 251914, ""Swapouts"": 1206130}",True,0.041185041,0.040061000000000006,41926656,31932416,41959424,0.047915417002514005,0.003303541,0.023081,0.0,7.2792e-05,8,3c94ae85159a6c617114341bec5aeec8395161e57722793a681f69308b4e8ff6,2026-10-01T18:17:01.275410+00:00,2026-10-01T18:17:01.316952+00:00,"{""OMP_NUM_THREADS"": ""1"", ""OPENBLAS_NUM_THREADS"": ""1"", ""MKL_NUM_THREADS"": ""1"", ""VECLIB_MAXIMUM_THREADS"": ""1"", ""NUMEXPR_NUM_THREADS"": ""1""}",0,0.11004091699578566,"{""load_average"": [4.654296875, 4.00146484375, 3.50390625], ""Pages free"": 5654, ""Pages throttled"": 0, ""Pageouts"": 251960, ""Swapouts"": 1206130}","[4.654296875, 4.00146484375, 3.50390625]"
100,6,50000,2,pandas,group,warm,main,20261001,73129,"[4.654296875, 4.00146484375, 3.50390625]","{""load_average"": [4.654296875, 4.00146484375, 3.50390625], ""Pages free"": 7411, ""Pages throttled"": 0, ""Pageouts"": 251960, ""Swapouts"": 1206130}",True,0.000882292,0.0008859999999999979,72794112,68960256,72843264,0.2383074579993263,0.001216792,0.000146833,0.00114525,4.9667e-05,64,d73d866c062f1a4202f13fde4d54860ff7c8007107f26300fb8c901717c2d21c,2026-10-01T18:17:01.584733+00:00,2026-10-01T18:17:01.593149+00:00,"{""OMP_NUM_THREADS"": ""1"", ""OPENBLAS_NUM_THREADS"": ""1"", ""MKL_NUM_THREADS"": ""1"", ""VECLIB_MAXIMUM_THREADS"": ""1"", ""NUMEXPR_NUM_THREADS"": ""1""}",0,0.28395499999896856,"{""load_average"": [4.654296875, 4.00146484375, 3.50390625], ""Pages free"": 7670, ""Pages throttled"": 0, ""Pageouts"": 251960, ""Swapouts"": 1206130}","[4.654296875, 4.00146484375, 3.50390625]"
101,6,50000,2,pandas,join,warm,main,20261001,73129,"[4.654296875, 4.00146484375, 3.50390625]","{""load_average"": [4.654296875, 4.00146484375, 3.50390625], ""Pages free"": 7406, ""Pages throttled"": 0, ""Pageouts"": 251960, ""Swapouts"": 1206130}",True,0.002223792,0.0022270000000000068,77021184,69025792,77053952,0.2378188750008121,0.001148,0.000143125,0.003385375,3.6834e-05,8,3c94ae85159a6c617114341bec5aeec8395161e57722793a681f69308b4e8ff6,2026-10-01T18:17:01.876512+00:00,2026-10-01T18:17:01.889586+00:00,"{""OMP_NUM_THREADS"": ""1"", ""OPENBLAS_NUM_THREADS"": ""1"", ""MKL_NUM_THREADS"": ""1"", ""VECLIB_MAXIMUM_THREADS"": ""1"", ""NUMEXPR_NUM_THREADS"": ""1""}",0,0.28962762499577366,"{""load_average"": [5.162109375, 4.1171875, 3.54736328125], ""Pages free"": 6903, ""Pages throttled"": 0, ""Pageouts"": 251960, ""Swapouts"": 1206130}","[5.162109375, 4.1171875, 3.54736328125]"
102,6,50000,2,sqlite,join,warm,main,20261001,73129,"[5.162109375, 4.1171875, 3.54736328125]","{""load_average"": [5.162109375, 4.1171875, 3.54736328125], ""Pages free"": 6890, ""Pages throttled"": 0, ""Pageouts"": 251960, ""Swapouts"": 1206130}",True,0.014963,0.014917,41910272,31981568,41943040,0.0472958330065012,0.003108958,0.022748708,0.015539084,4.2875e-05,8,3c94ae85159a6c617114341bec5aeec8395161e57722793a681f69308b4e8ff6,2026-10-01T18:17:01.983281+00:00,2026-10-01T18:17:02.041832+00:00,"{""OMP_NUM_THREADS"": ""1"", ""OPENBLAS_NUM_THREADS"": ""1"", ""MKL_NUM_THREADS"": ""1"", ""VECLIB_MAXIMUM_THREADS"": ""1"", ""NUMEXPR_NUM_THREADS"": ""1""}",0,0.1268922079980257,"{""load_average"": [5.162109375, 4.1171875, 3.54736328125], ""Pages free"": 7410, ""Pages throttled"": 0, ""Pageouts"": 251960, ""Swapouts"": 1206130}","[5.162109375, 4.1171875, 3.54736328125]"
103,6,50000,2,pandas,group,cold,main,20261001,73129,"[5.162109375, 4.1171875, 3.54736328125]","{""load_average"": [5.162109375, 4.1171875, 3.54736328125], ""Pages free"": 7388, ""Pages throttled"": 0, ""Pageouts"": 251960, ""Swapouts"": 1206130}",True,0.002971417,0.0027970000000000217,72777728,68927488,72810496,0.23822608400223544,0.001303542,0.000218167,0.0,4.9792e-05,64,d73d866c062f1a4202f13fde4d54860ff7c8007107f26300fb8c901717c2d21c,2026-10-01T18:17:02.309634+00:00,2026-10-01T18:17:02.312990+00:00,"{""OMP_NUM_THREADS"": ""1"", ""OPENBLAS_NUM_THREADS"": ""1"", ""MKL_NUM_THREADS"": ""1"", ""VECLIB_MAXIMUM_THREADS"": ""1"", ""NUMEXPR_NUM_THREADS"": ""1""}",0,0.28019837500323774,"{""load_average"": [5.162109375, 4.1171875, 3.54736328125], ""Pages free"": 6768, ""Pages throttled"": 0, ""Pageouts"": 251963, ""Swapouts"": 1206130}","[5.162109375, 4.1171875, 3.54736328125]"
104,6,50000,2,python,group,cold,main,20261001,73129,"[5.162109375, 4.1171875, 3.54736328125]","{""load_average"": [5.162109375, 4.1171875, 3.54736328125], ""Pages free"": 6748, ""Pages throttled"": 0, ""Pageouts"": 251963, ""Swapouts"": 1206130}",True,0.011369167,0.010668999999999998,46219264,31899648,46268416,0.046819041002891026,0.002760459,0.00486275,0.0,5.4834e-05,64,d73d866c062f1a4202f13fde4d54860ff7c8007107f26300fb8c901717c2d21c,2026-10-01T18:17:02.406405+00:00,2026-10-01T18:17:02.418174+00:00,"{""OMP_NUM_THREADS"": ""1"", ""OPENBLAS_NUM_THREADS"": ""1"", ""MKL_NUM_THREADS"": ""1"", ""VECLIB_MAXIMUM_THREADS"": ""1"", ""NUMEXPR_NUM_THREADS"": ""1""}",0,0.08075883299898123,"{""load_average"": [5.162109375, 4.1171875, 3.54736328125], ""Pages free"": 7009, ""Pages throttled"": 0, ""Pageouts"": 251963, ""Swapouts"": 1206130}","[5.162109375, 4.1171875, 3.54736328125]"
105,6,50000,2,sqlite,group,cold,main,20261001,73129,"[5.162109375, 4.1171875, 3.54736328125]","{""load_average"": [5.162109375, 4.1171875, 3.54736328125], ""Pages free"": 6978, ""Pages throttled"": 0, ""Pageouts"": 251963, ""Swapouts"": 1206130}",True,0.035404209,0.034812,41811968,31932416,41861120,0.046210041000449564,0.002935792,0.022777583,0.0,5.7333e-05,64,d73d866c062f1a4202f13fde4d54860ff7c8007107f26300fb8c901717c2d21c,2026-10-01T18:17:02.494748+00:00,2026-10-01T18:17:02.530464+00:00,"{""OMP_NUM_THREADS"": ""1"", ""OPENBLAS_NUM_THREADS"": ""1"", ""MKL_NUM_THREADS"": ""1"", ""VECLIB_MAXIMUM_THREADS"": ""1"", ""NUMEXPR_NUM_THREADS"": ""1""}",0,0.10280041700025322,"{""load_average"": [5.162109375, 4.1171875, 3.54736328125], ""Pages free"": 7444, ""Pages throttled"": 0, ""Pageouts"": 251963, ""Swapouts"": 1206130}","[5.162109375, 4.1171875, 3.54736328125]"
106,6,50000,2,sqlite,filter,warm,main,20261001,73129,"[5.162109375, 4.1171875, 3.54736328125]","{""load_average"": [5.162109375, 4.1171875, 3.54736328125], ""Pages free"": 7186, ""Pages throttled"": 0, ""Pageouts"": 251963, ""Swapouts"": 1206130}",True,0.003016459,0.003019999999999995,40583168,31834112,40615936,0.04684183400240727,0.002903833,0.023212333,0.003098125,0.0013555,5781,f47198486bdc455ede2ad23ea7b1c461fb64b372a429b4f82422af18e7279c8a,2026-10-01T18:17:02.606302+00:00,2026-10-01T18:17:02.642102+00:00,"{""OMP_NUM_THREADS"": ""1"", ""OPENBLAS_NUM_THREADS"": ""1"", ""MKL_NUM_THREADS"": ""1"", ""VECLIB_MAXIMUM_THREADS"": ""1"", ""NUMEXPR_NUM_THREADS"": ""1""}",0,0.10278987499623327,"{""load_average"": [5.162109375, 4.1171875, 3.54736328125], ""Pages free"": 7646, ""Pages throttled"": 0, ""Pageouts"": 251963, ""Swapouts"": 1206130}","[5.162109375, 4.1171875, 3.54736328125]"
107,6,50000,2,pandas,filter,cold,main,20261001,73129,"[5.162109375, 4.1171875, 3.54736328125]","{""load_average"": [5.162109375, 4.1171875, 3.54736328125], ""Pages free"": 7629, ""Pages throttled"": 0, ""Pageouts"": 251963, ""Swapouts"": 1206130}",True,0.003502459,0.0032809999999999784,73285632,68911104,73449472,0.2354616669981624,0.001388084,0.000199625,0.0,0.001346292,5781,f47198486bdc455ede2ad23ea7b1c461fb64b372a429b4f82422af18e7279c8a,2026-10-01T18:17:02.906138+00:00,2026-10-01T18:17:02.911298+00:00,"{""OMP_NUM_THREADS"": ""1"", ""OPENBLAS_NUM_THREADS"": ""1"", ""MKL_NUM_THREADS"": ""1"", ""VECLIB_MAXIMUM_THREADS"": ""1"", ""NUMEXPR_NUM_THREADS"": ""1""}",0,0.2791868339991197,"{""load_average"": [5.162109375, 4.1171875, 3.54736328125], ""Pages free"": 7055, ""Pages throttled"": 0, ""Pageouts"": 251963, ""Swapouts"": 1206130}","[5.162109375, 4.1171875, 3.54736328125]"
108,6,50000,2,python,filter,cold,main,20261001,73129,"[5.162109375, 4.1171875, 3.54736328125]","{""load_average"": [5.162109375, 4.1171875, 3.54736328125], ""Pages free"": 7283, ""Pages throttled"": 0, ""Pageouts"": 251963, ""Swapouts"": 1206130}",True,0.010160875,0.009251999999999996,46202880,31850496,46333952,0.047267375004594214,0.003017084,0.004465,0.0,0.001329417,5781,f47198486bdc455ede2ad23ea7b1c461fb64b372a429b4f82422af18e7279c8a,2026-10-01T18:17:03.005523+00:00,2026-10-01T18:17:03.017332+00:00,"{""OMP_NUM_THREADS"": ""1"", ""OPENBLAS_NUM_THREADS"": ""1"", ""MKL_NUM_THREADS"": ""1"", ""VECLIB_MAXIMUM_THREADS"": ""1"", ""NUMEXPR_NUM_THREADS"": ""1""}",0,0.08114187499450054,"{""load_average"": [5.162109375, 4.1171875, 3.54736328125], ""Pages free"": 10953, ""Pages throttled"": 0, ""Pageouts"": 251963, ""Swapouts"": 1206130}","[5.162109375, 4.1171875, 3.54736328125]"
109,7,1000000,3,python,filter,warm,main,20261001,73129,"[5.162109375, 4.1171875, 3.54736328125]","{""load_average"": [5.162109375, 4.1171875, 3.54736328125], ""Pages free"": 6383, ""Pages throttled"": 0, ""Pageouts"": 251963, ""Swapouts"": 1206130}",True,0.027551125,0.027441999999999966,295436288,31866880,295600128,0.05393612499756273,0.017300083,0.113224292,0.135814417,0.02795375,113946,650d5b611ec563af2c2f8123abcefad606ffc91351ffe5b9d50dacbf0041e51e,2026-10-01T18:17:04.119092+00:00,2026-10-01T18:17:04.491272+00:00,"{""OMP_NUM_THREADS"": ""1"", ""OPENBLAS_NUM_THREADS"": ""1"", ""MKL_NUM_THREADS"": ""1"", ""VECLIB_MAXIMUM_THREADS"": ""1"", ""NUMEXPR_NUM_THREADS"": ""1""}",0,0.4963930000012624,"{""load_average"": [5.162109375, 4.1171875, 3.54736328125], ""Pages free"": 21555, ""Pages throttled"": 0, ""Pageouts"": 251990, ""Swapouts"": 1206130}","[5.162109375, 4.1171875, 3.54736328125]"
110,7,1000000,3,python,join,warm,main,20261001,73129,"[5.162109375, 4.1171875, 3.54736328125]","{""load_average"": [5.162109375, 4.1171875, 3.54736328125], ""Pages free"": 21787, ""Pages throttled"": 0, ""Pageouts"": 251990, ""Swapouts"": 1206130}",True,0.106934458,0.10636299999999999,288014336,31866880,288063488,0.04792579200147884,0.010089792,0.090699417,0.103698333,4.9458e-05,8,9c4d4bed2506ea48344b9a1feb663161886647b4c790245fc45905fe3386c8e8,2026-10-01T18:17:04.613007+00:00,2026-10-01T18:17:04.972080+00:00,"{""OMP_NUM_THREADS"": ""1"", ""OPENBLAS_NUM_THREADS"": ""1"", ""MKL_NUM_THREADS"": ""1"", ""VECLIB_MAXIMUM_THREADS"": ""1"", ""NUMEXPR_NUM_THREADS"": ""1""}",0,0.4615169579992653,"{""load_average"": [5.162109375, 4.1171875, 3.54736328125], ""Pages free"": 20702, ""Pages throttled"": 0, ""Pageouts"": 251990, ""Swapouts"": 1206130}","[5.162109375, 4.1171875, 3.54736328125]"
111,7,1000000,3,sqlite,group,cold,main,20261001,73129,"[5.162109375, 4.1171875, 3.54736328125]","{""load_average"": [5.162109375, 4.1171875, 3.54736328125], ""Pages free"": 20929, ""Pages throttled"": 0, ""Pageouts"": 251990, ""Swapouts"": 1206130}",True,0.832534417,0.827446,135135232,31883264,135184384,0.04676041600032477,0.009874792,0.435992416,0.0,6.5708e-05,64,824d3af0f5a10249cdced0440fd58546e3299cf6ce1e26d118b5bb1530adc7c3,2026-10-01T18:17:05.081298+00:00,2026-10-01T18:17:05.914215+00:00,"{""OMP_NUM_THREADS"": ""1"", ""OPENBLAS_NUM_THREADS"": ""1"", ""MKL_NUM_THREADS"": ""1"", ""VECLIB_MAXIMUM_THREADS"": ""1"", ""NUMEXPR_NUM_THREADS"": ""1""}",0,0.9036615829973016,"{""load_average"": [5.162109375, 4.1171875, 3.54736328125], ""Pages free"": 22125, ""Pages throttled"": 0, ""Pageouts"": 251990, ""Swapouts"": 1206130}","[5.162109375, 4.1171875, 3.54736328125]"
112,7,1000000,3,sqlite,filter,cold,main,20261001,73129,"[5.162109375, 4.1171875, 3.54736328125]","{""load_average"": [5.162109375, 4.1171875, 3.54736328125], ""Pages free"": 21844, ""Pages throttled"": 0, ""Pageouts"": 251990, ""Swapouts"": 1206130}",True,0.513149875,0.509988,119406592,31899648,119554048,0.0474370829979307,0.009909584,0.438923041,0.0,0.0255935,113946,650d5b611ec563af2c2f8123abcefad606ffc91351ffe5b9d50dacbf0041e51e,2026-10-01T18:17:05.993663+00:00,2026-10-01T18:17:06.532640+00:00,"{""OMP_NUM_THREADS"": ""1"", ""OPENBLAS_NUM_THREADS"": ""1"", ""MKL_NUM_THREADS"": ""1"", ""VECLIB_MAXIMUM_THREADS"": ""1"", ""NUMEXPR_NUM_THREADS"": ""1""}",0,0.6125078339973697,"{""load_average"": [5.162109375, 4.1171875, 3.54736328125], ""Pages free"": 22425, ""Pages throttled"": 0, ""Pageouts"": 251990, ""Swapouts"": 1206130}","[5.162109375, 4.1171875, 3.54736328125]"
113,7,1000000,3,pandas,join,warm,main,20261001,73129,"[5.162109375, 4.1171875, 3.54736328125]","{""load_average"": [5.162109375, 4.1171875, 3.54736328125], ""Pages free"": 22151, ""Pages throttled"": 0, ""Pageouts"": 251990, ""Swapouts"": 1206130}",True,0.028048875,0.027984999999999982,240992256,68927488,241025024,0.24705533300584648,0.008113042,0.00018275,0.037221667,3.6792e-05,8,9c4d4bed2506ea48344b9a1feb663161886647b4c790245fc45905fe3386c8e8,2026-10-01T18:17:06.812918+00:00,2026-10-01T18:17:06.893191+00:00,"{""OMP_NUM_THREADS"": ""1"", ""OPENBLAS_NUM_THREADS"": ""1"", ""MKL_NUM_THREADS"": ""1"", ""VECLIB_MAXIMUM_THREADS"": ""1"", ""NUMEXPR_NUM_THREADS"": ""1""}",0,0.3683714580038213,"{""load_average"": [4.98876953125, 4.0986328125, 3.5439453125], ""Pages free"": 21821, ""Pages throttled"": 0, ""Pageouts"": 251990, ""Swapouts"": 1206130}","[4.98876953125, 4.0986328125, 3.5439453125]"
114,7,1000000,3,python,group,warm,main,20261001,73129,"[4.98876953125, 4.0986328125, 3.5439453125]","{""load_average"": [4.98876953125, 4.0986328125, 3.5439453125], ""Pages free"": 21533, ""Pages throttled"": 0, ""Pageouts"": 251990, ""Swapouts"": 1206130}",True,0.072877333,0.07238800000000001,288079872,31883264,288112640,0.046670000003359746,0.010176916,0.089264834,0.071923125,5.6084e-05,64,824d3af0f5a10249cdced0440fd58546e3299cf6ce1e26d118b5bb1530adc7c3,2026-10-01T18:17:06.990034+00:00,2026-10-01T18:17:07.281820+00:00,"{""OMP_NUM_THREADS"": ""1"", ""OPENBLAS_NUM_THREADS"": ""1"", ""MKL_NUM_THREADS"": ""1"", ""VECLIB_MAXIMUM_THREADS"": ""1"", ""NUMEXPR_NUM_THREADS"": ""1""}",0,0.3907607500004815,"{""load_average"": [4.98876953125, 4.0986328125, 3.5439453125], ""Pages free"": 21810, ""Pages throttled"": 0, ""Pageouts"": 251990, ""Swapouts"": 1206130}","[4.98876953125, 4.0986328125, 3.5439453125]"
115,7,1000000,3,python,filter,cold,main,20261001,73129,"[4.98876953125, 4.0986328125, 3.5439453125]","{""load_average"": [4.98876953125, 4.0986328125, 3.5439453125], ""Pages free"": 21780, ""Pages throttled"": 0, ""Pageouts"": 251990, ""Swapouts"": 1206130}",True,0.218648875,0.216567,295780352,31899648,295944192,0.04750579199753702,0.010590375,0.091270292,0.0,0.028229333,113946,650d5b611ec563af2c2f8123abcefad606ffc91351ffe5b9d50dacbf0041e51e,2026-10-01T18:17:07.388809+00:00,2026-10-01T18:17:07.635937+00:00,"{""OMP_NUM_THREADS"": ""1"", ""OPENBLAS_NUM_THREADS"": ""1"", ""MKL_NUM_THREADS"": ""1"", ""VECLIB_MAXIMUM_THREADS"": ""1"", ""NUMEXPR_NUM_THREADS"": ""1""}",0,0.3537510000023758,"{""load_average"": [4.98876953125, 4.0986328125, 3.5439453125], ""Pages free"": 21006, ""Pages throttled"": 0, ""Pageouts"": 251990, ""Swapouts"": 1206130}","[4.98876953125, 4.0986328125, 3.5439453125]"
116,7,1000000,3,pandas,filter,warm,main,20261001,73129,"[4.98876953125, 4.0986328125, 3.5439453125]","{""load_average"": [4.98876953125, 4.0986328125, 3.5439453125], ""Pages free"": 20990, ""Pages throttled"": 0, ""Pageouts"": 251990, ""Swapouts"": 1206130}",True,0.017803458,0.017706,149782528,68911104,149929984,0.23695212500024354,0.008478083,0.000192958,0.019909792,0.02675275,113946,650d5b611ec563af2c2f8123abcefad606ffc91351ffe5b9d50dacbf0041e51e,2026-10-01T18:17:07.941226+00:00,2026-10-01T18:17:08.022485+00:00,"{""OMP_NUM_THREADS"": ""1"", ""OPENBLAS_NUM_THREADS"": ""1"", ""MKL_NUM_THREADS"": ""1"", ""VECLIB_MAXIMUM_THREADS"": ""1"", ""NUMEXPR_NUM_THREADS"": ""1""}",0,0.35857833299814956,"{""load_average"": [4.98876953125, 4.0986328125, 3.5439453125], ""Pages free"": 21030, ""Pages throttled"": 0, ""Pageouts"": 251990, ""Swapouts"": 1206130}","[4.98876953125, 4.0986328125, 3.5439453125]"
117,7,1000000,3,sqlite,group,warm,main,20261001,73129,"[4.98876953125, 4.0986328125, 3.5439453125]","{""load_average"": [4.98876953125, 4.0986328125, 3.5439453125], ""Pages free"": 21016, ""Pages throttled"": 0, ""Pageouts"": 251990, ""Swapouts"": 1206130}",True,0.3801555,0.378549,135168000,31916032,135200768,0.04681162500492064,0.009812292,0.435872667,0.388142917,7.8833e-05,64,824d3af0f5a10249cdced0440fd58546e3299cf6ce1e26d118b5bb1530adc7c3,2026-10-01T18:17:08.117950+00:00,2026-10-01T18:17:09.334384+00:00,"{""OMP_NUM_THREADS"": ""1"", ""OPENBLAS_NUM_THREADS"": ""1"", ""MKL_NUM_THREADS"": ""1"", ""VECLIB_MAXIMUM_THREADS"": ""1"", ""NUMEXPR_NUM_THREADS"": ""1""}",0,1.2883656670019263,"{""load_average"": [4.98876953125, 4.0986328125, 3.5439453125], ""Pages free"": 21911, ""Pages throttled"": 0, ""Pageouts"": 251990, ""Swapouts"": 1206130}","[4.98876953125, 4.0986328125, 3.5439453125]"
118,7,1000000,3,pandas,group,warm,main,20261001,73129,"[4.98876953125, 4.0986328125, 3.5439453125]","{""load_average"": [4.98876953125, 4.0986328125, 3.5439453125], ""Pages free"": 21881, ""Pages throttled"": 0, ""Pageouts"": 251990, ""Swapouts"": 1206130}",True,0.006599708,0.00655,129105920,68976640,129155072,0.24671500000113156,0.008224834,0.000219791,0.009746,5.6542e-05,64,824d3af0f5a10249cdced0440fd58546e3299cf6ce1e26d118b5bb1530adc7c3,2026-10-01T18:17:09.615229+00:00,2026-10-01T18:17:09.645855+00:00,"{""OMP_NUM_THREADS"": ""1"", ""OPENBLAS_NUM_THREADS"": ""1"", ""MKL_NUM_THREADS"": ""1"", ""VECLIB_MAXIMUM_THREADS"": ""1"", ""NUMEXPR_NUM_THREADS"": ""1""}",0,0.3151386250028736,"{""load_average"": [4.98876953125, 4.0986328125, 3.5439453125], ""Pages free"": 22417, ""Pages throttled"": 0, ""Pageouts"": 251990, ""Swapouts"": 1206130}","[4.98876953125, 4.0986328125, 3.5439453125]"
119,7,1000000,3,pandas,filter,cold,main,20261001,73129,"[4.98876953125, 4.0986328125, 3.5439453125]","{""load_average"": [4.98876953125, 4.0986328125, 3.5439453125], ""Pages free"": 22387, ""Pages throttled"": 0, ""Pageouts"": 251990, ""Swapouts"": 1206130}",True,0.027940541,0.027477,149798912,68943872,149962752,0.24171916599880205,0.008147708,0.000186833,0.0,0.026258833,113946,650d5b611ec563af2c2f8123abcefad606ffc91351ffe5b9d50dacbf0041e51e,2026-10-01T18:17:09.933828+00:00,2026-10-01T18:17:09.988356+00:00,"{""OMP_NUM_THREADS"": ""1"", ""OPENBLAS_NUM_THREADS"": ""1"", ""MKL_NUM_THREADS"": ""1"", ""VECLIB_MAXIMUM_THREADS"": ""1"", ""NUMEXPR_NUM_THREADS"": ""1""}",0,0.33815516700269654,"{""load_average"": [4.98876953125, 4.0986328125, 3.5439453125], ""Pages free"": 21791, ""Pages throttled"": 0, ""Pageouts"": 251990, ""Swapouts"": 1206130}","[4.98876953125, 4.0986328125, 3.5439453125]"
120,7,1000000,3,sqlite,filter,warm,main,20261001,73129,"[4.98876953125, 4.0986328125, 3.5439453125]","{""load_average"": [4.98876953125, 4.0986328125, 3.5439453125], ""Pages free"": 21790, ""Pages throttled"": 0, ""Pageouts"": 251990, ""Swapouts"": 1206130}",True,0.064313,0.06410000000000005,119406592,31899648,119570432,0.04676591699535493,0.0106765,0.438990667,0.064853042,0.026197166,113946,650d5b611ec563af2c2f8123abcefad606ffc91351ffe5b9d50dacbf0041e51e,2026-10-01T18:17:10.084187+00:00,2026-10-01T18:17:10.693375+00:00,"{""OMP_NUM_THREADS"": ""1"", ""OPENBLAS_NUM_THREADS"": ""1"", ""MKL_NUM_THREADS"": ""1"", ""VECLIB_MAXIMUM_THREADS"": ""1"", ""NUMEXPR_NUM_THREADS"": ""1""}",0,0.6812802089989418,"{""load_average"": [4.98876953125, 4.0986328125, 3.5439453125], ""Pages free"": 22294, ""Pages throttled"": 0, ""Pageouts"": 251990, ""Swapouts"": 1206130}","[4.98876953125, 4.0986328125, 3.5439453125]"
121,7,1000000,3,sqlite,join,warm,main,20261001,73129,"[4.98876953125, 4.0986328125, 3.5439453125]","{""load_average"": [4.98876953125, 4.0986328125, 3.5439453125], ""Pages free"": 22269, ""Pages throttled"": 0, ""Pageouts"": 251990, ""Swapouts"": 1206130}",True,0.317437041,0.31582699999999997,135184384,31850496,135217152,0.047695041001134086,0.010524917,0.433063083,0.320713917,4.9041e-05,8,9c4d4bed2506ea48344b9a1feb663161886647b4c790245fc45905fe3386c8e8,2026-10-01T18:17:10.774484+00:00,2026-10-01T18:17:11.858372+00:00,"{""OMP_NUM_THREADS"": ""1"", ""OPENBLAS_NUM_THREADS"": ""1"", ""MKL_NUM_THREADS"": ""1"", ""VECLIB_MAXIMUM_THREADS"": ""1"", ""NUMEXPR_NUM_THREADS"": ""1""}",0,1.1568782910035225,"{""load_average"": [4.9091796875, 4.0966796875, 3.54638671875], ""Pages free"": 22617, ""Pages throttled"": 0, ""Pageouts"": 251990, ""Swapouts"": 1206130}","[4.9091796875, 4.0966796875, 3.54638671875]"
122,7,1000000,3,sqlite,join,cold,main,20261001,73129,"[4.9091796875, 4.0966796875, 3.54638671875]","{""load_average"": [4.9091796875, 4.0966796875, 3.54638671875], ""Pages free"": 22599, ""Pages throttled"": 0, ""Pageouts"": 251990, ""Swapouts"": 1206130}",True,0.767332166,0.7630119999999999,135282688,31997952,135315456,0.046638207997602876,0.010232083,0.433923,0.0,4.6875e-05,8,9c4d4bed2506ea48344b9a1feb663161886647b4c790245fc45905fe3386c8e8,2026-10-01T18:17:11.938678+00:00,2026-10-01T18:17:12.706297+00:00,"{""OMP_NUM_THREADS"": ""1"", ""OPENBLAS_NUM_THREADS"": ""1"", ""MKL_NUM_THREADS"": ""1"", ""VECLIB_MAXIMUM_THREADS"": ""1"", ""NUMEXPR_NUM_THREADS"": ""1""}",0,0.8388613749993965,"{""load_average"": [4.9091796875, 4.0966796875, 3.54638671875], ""Pages free"": 21891, ""Pages throttled"": 0, ""Pageouts"": 251990, ""Swapouts"": 1206130}","[4.9091796875, 4.0966796875, 3.54638671875]"
123,7,1000000,3,pandas,join,cold,main,20261001,73129,"[4.9091796875, 4.0966796875, 3.54638671875]","{""load_average"": [4.9091796875, 4.0966796875, 3.54638671875], ""Pages free"": 21616, ""Pages throttled"": 0, ""Pageouts"": 251990, ""Swapouts"": 1206130}",True,0.045474625,0.04517099999999999,240959488,68911104,240992256,0.24530016599601367,0.008019291,0.000178167,0.0,3.3e-05,8,9c4d4bed2506ea48344b9a1feb663161886647b4c790245fc45905fe3386c8e8,2026-10-01T18:17:12.985001+00:00,2026-10-01T18:17:13.030813+00:00,"{""OMP_NUM_THREADS"": ""1"", ""OPENBLAS_NUM_THREADS"": ""1"", ""MKL_NUM_THREADS"": ""1"", ""VECLIB_MAXIMUM_THREADS"": ""1"", ""NUMEXPR_NUM_THREADS"": ""1""}",0,0.3308856670046225,"{""load_average"": [4.9091796875, 4.0966796875, 3.54638671875], ""Pages free"": 21614, ""Pages throttled"": 0, ""Pageouts"": 251990, ""Swapouts"": 1206130}","[4.9091796875, 4.0966796875, 3.54638671875]"
124,7,1000000,3,pandas,group,cold,main,20261001,73129,"[4.9091796875, 4.0966796875, 3.54638671875]","{""load_average"": [4.9091796875, 4.0966796875, 3.54638671875], ""Pages free"": 21843, ""Pages throttled"": 0, ""Pageouts"": 251990, ""Swapouts"": 1206130}",True,0.0172105,0.017030000000000017,129056768,68960256,129089536,0.24495245800062548,0.008306917,0.000209625,0.0,4.3375e-05,64,824d3af0f5a10249cdced0440fd58546e3299cf6ce1e26d118b5bb1530adc7c3,2026-10-01T18:17:13.323829+00:00,2026-10-01T18:17:13.341443+00:00,"{""OMP_NUM_THREADS"": ""1"", ""OPENBLAS_NUM_THREADS"": ""1"", ""MKL_NUM_THREADS"": ""1"", ""VECLIB_MAXIMUM_THREADS"": ""1"", ""NUMEXPR_NUM_THREADS"": ""1""}",0,0.3016389580006944,"{""load_average"": [4.9091796875, 4.0966796875, 3.54638671875], ""Pages free"": 22864, ""Pages throttled"": 0, ""Pageouts"": 251990, ""Swapouts"": 1206130}","[4.9091796875, 4.0966796875, 3.54638671875]"
125,7,1000000,3,python,join,cold,main,20261001,73129,"[4.9091796875, 4.0966796875, 3.54638671875]","{""load_average"": [4.9091796875, 4.0966796875, 3.54638671875], ""Pages free"": 22590, ""Pages throttled"": 0, ""Pageouts"": 251990, ""Swapouts"": 1206130}",True,0.204471291,0.20259,288014336,31850496,288063488,0.046859041998686735,0.009812458,0.090313542,0.0,5.4208e-05,8,9c4d4bed2506ea48344b9a1feb663161886647b4c790245fc45905fe3386c8e8,2026-10-01T18:17:13.436572+00:00,2026-10-01T18:17:13.641379+00:00,"{""OMP_NUM_THREADS"": ""1"", ""OPENBLAS_NUM_THREADS"": ""1"", ""MKL_NUM_THREADS"": ""1"", ""VECLIB_MAXIMUM_THREADS"": ""1"", ""NUMEXPR_NUM_THREADS"": ""1""}",0,0.30772595899907174,"{""load_average"": [4.9091796875, 4.0966796875, 3.54638671875], ""Pages free"": 22814, ""Pages throttled"": 0, ""Pageouts"": 251990, ""Swapouts"": 1206130}","[4.9091796875, 4.0966796875, 3.54638671875]"
126,7,1000000,3,python,group,cold,main,20261001,73129,"[4.9091796875, 4.0966796875, 3.54638671875]","{""load_average"": [4.9091796875, 4.0966796875, 3.54638671875], ""Pages free"": 22794, ""Pages throttled"": 0, ""Pageouts"": 251990, ""Swapouts"": 1206130}",True,0.173929292,0.172107,288129024,31965184,288161792,0.04807112499838695,0.010535458,0.091169209,0.0,6.2334e-05,64,824d3af0f5a10249cdced0440fd58546e3299cf6ce1e26d118b5bb1530adc7c3,2026-10-01T18:17:13.753718+00:00,2026-10-01T18:17:13.928094+00:00,"{""OMP_NUM_THREADS"": ""1"", ""OPENBLAS_NUM_THREADS"": ""1"", ""MKL_NUM_THREADS"": ""1"", ""VECLIB_MAXIMUM_THREADS"": ""1"", ""NUMEXPR_NUM_THREADS"": ""1""}",0,0.27797608300170396,"{""load_average"": [4.9091796875, 4.0966796875, 3.54638671875], ""Pages free"": 24609, ""Pages throttled"": 0, ""Pageouts"": 251990, ""Swapouts"": 1206130}","[4.9091796875, 4.0966796875, 3.54638671875]"
127,8,50000,3,pandas,group,warm,main,20261001,73129,"[4.9091796875, 4.0966796875, 3.54638671875]","{""load_average"": [4.9091796875, 4.0966796875, 3.54638671875], ""Pages free"": 24455, ""Pages throttled"": 0, ""Pageouts"": 251990, ""Swapouts"": 1206130}",True,0.001007459,0.0010129999999999861,73072640,69107712,73105408,0.2673951250035316,0.001166375,0.000154541,0.001237458,5.2875e-05,64,d73d866c062f1a4202f13fde4d54860ff7c8007107f26300fb8c901717c2d21c,2026-10-01T18:17:15.331711+00:00,2026-10-01T18:17:15.341040+00:00,"{""OMP_NUM_THREADS"": ""1"", ""OPENBLAS_NUM_THREADS"": ""1"", ""MKL_NUM_THREADS"": ""1"", ""VECLIB_MAXIMUM_THREADS"": ""1"", ""NUMEXPR_NUM_THREADS"": ""1""}",0,0.3643935000000056,"{""load_average"": [4.9091796875, 4.0966796875, 3.54638671875], ""Pages free"": 27182, ""Pages throttled"": 0, ""Pageouts"": 251990, ""Swapouts"": 1206130}","[4.9091796875, 4.0966796875, 3.54638671875]"
128,8,50000,3,python,group,cold,main,20261001,73129,"[4.9091796875, 4.0966796875, 3.54638671875]","{""load_average"": [4.9091796875, 4.0966796875, 3.54638671875], ""Pages free"": 27429, ""Pages throttled"": 0, ""Pageouts"": 251990, ""Swapouts"": 1206130}",True,0.011429,0.010672000000000001,46268416,31948800,46301184,0.04785662499489263,0.003099958,0.004289584,0.0,5.1083e-05,64,d73d866c062f1a4202f13fde4d54860ff7c8007107f26300fb8c901717c2d21c,2026-10-01T18:17:15.434833+00:00,2026-10-01T18:17:15.446550+00:00,"{""OMP_NUM_THREADS"": ""1"", ""OPENBLAS_NUM_THREADS"": ""1"", ""MKL_NUM_THREADS"": ""1"", ""VECLIB_MAXIMUM_THREADS"": ""1"", ""NUMEXPR_NUM_THREADS"": ""1""}",0,0.08153383299941197,"{""load_average"": [4.9091796875, 4.0966796875, 3.54638671875], ""Pages free"": 28018, ""Pages throttled"": 0, ""Pageouts"": 251990, ""Swapouts"": 1206130}","[4.9091796875, 4.0966796875, 3.54638671875]"
129,8,50000,3,sqlite,group,warm,main,20261001,73129,"[4.9091796875, 4.0966796875, 3.54638671875]","{""load_average"": [4.9091796875, 4.0966796875, 3.54638671875], ""Pages free"": 27476, ""Pages throttled"": 0, ""Pageouts"": 251990, ""Swapouts"": 1206130}",True,0.010179667,0.010047,41877504,31948800,41926656,0.04745537499547936,0.0028185,0.023480709,0.009854709,6.5834e-05,64,d73d866c062f1a4202f13fde4d54860ff7c8007107f26300fb8c901717c2d21c,2026-10-01T18:17:15.523701+00:00,2026-10-01T18:17:15.572229+00:00,"{""OMP_NUM_THREADS"": ""1"", ""OPENBLAS_NUM_THREADS"": ""1"", ""MKL_NUM_THREADS"": ""1"", ""VECLIB_MAXIMUM_THREADS"": ""1"", ""NUMEXPR_NUM_THREADS"": ""1""}",0,0.11756350000359816,"{""load_average"": [4.9091796875, 4.0966796875, 3.54638671875], ""Pages free"": 27465, ""Pages throttled"": 0, ""Pageouts"": 251990, ""Swapouts"": 1206130}","[4.9091796875, 4.0966796875, 3.54638671875]"
130,8,50000,3,pandas,group,cold,main,20261001,73129,"[4.9091796875, 4.0966796875, 3.54638671875]","{""load_average"": [4.9091796875, 4.0966796875, 3.54638671875], ""Pages free"": 27431, ""Pages throttled"": 0, ""Pageouts"": 251990, ""Swapouts"": 1206130}",True,0.0027755,0.002613000000000004,72794112,68976640,72826880,0.24029137499746867,0.00126375,0.000237917,0.0,4.1667e-05,64,d73d866c062f1a4202f13fde4d54860ff7c8007107f26300fb8c901717c2d21c,2026-10-01T18:17:15.842533+00:00,2026-10-01T18:17:15.845732+00:00,"{""OMP_NUM_THREADS"": ""1"", ""OPENBLAS_NUM_THREADS"": ""1"", ""MKL_NUM_THREADS"": ""1"", ""VECLIB_MAXIMUM_THREADS"": ""1"", ""NUMEXPR_NUM_THREADS"": ""1""}",0,0.2807065419983701,"{""load_average"": [4.9091796875, 4.0966796875, 3.54638671875], ""Pages free"": 27260, ""Pages throttled"": 0, ""Pageouts"": 251990, ""Swapouts"": 1206130}","[4.9091796875, 4.0966796875, 3.54638671875]"
131,8,50000,3,python,join,cold,main,20261001,73129,"[4.9091796875, 4.0966796875, 3.54638671875]","{""load_average"": [4.9091796875, 4.0966796875, 3.54638671875], ""Pages free"": 27229, ""Pages throttled"": 0, ""Pageouts"": 251990, ""Swapouts"": 1206130}",True,0.012499667,0.011757999999999998,46235648,31883264,46268416,0.047932666006090585,0.002860417,0.004257125,0.0,4.0459e-05,8,3c94ae85159a6c617114341bec5aeec8395161e57722793a681f69308b4e8ff6,2026-10-01T18:17:15.938281+00:00,2026-10-01T18:17:15.951058+00:00,"{""OMP_NUM_THREADS"": ""1"", ""OPENBLAS_NUM_THREADS"": ""1"", ""MKL_NUM_THREADS"": ""1"", ""VECLIB_MAXIMUM_THREADS"": ""1"", ""NUMEXPR_NUM_THREADS"": ""1""}",0,0.08275262499955716,"{""load_average"": [4.9091796875, 4.0966796875, 3.54638671875], ""Pages free"": 27758, ""Pages throttled"": 0, ""Pageouts"": 251990, ""Swapouts"": 1206130}","[4.9091796875, 4.0966796875, 3.54638671875]"
132,8,50000,3,sqlite,group,cold,main,20261001,73129,"[4.9091796875, 4.0966796875, 3.54638671875]","{""load_average"": [4.9091796875, 4.0966796875, 3.54638671875], ""Pages free"": 27477, ""Pages throttled"": 0, ""Pageouts"": 251990, ""Swapouts"": 1206130}",True,0.036200958,0.035377,41861120,31899648,41893888,0.04719104200194124,0.003261083,0.023055667,0.0,6.0459e-05,64,d73d866c062f1a4202f13fde4d54860ff7c8007107f26300fb8c901717c2d21c,2026-10-01T18:17:16.028340+00:00,2026-10-01T18:17:16.064901+00:00,"{""OMP_NUM_THREADS"": ""1"", ""OPENBLAS_NUM_THREADS"": ""1"", ""MKL_NUM_THREADS"": ""1"", ""VECLIB_MAXIMUM_THREADS"": ""1"", ""NUMEXPR_NUM_THREADS"": ""1""}",0,0.10424583400163101,"{""load_average"": [4.9091796875, 4.0966796875, 3.54638671875], ""Pages free"": 27582, ""Pages throttled"": 0, ""Pageouts"": 251990, ""Swapouts"": 1206130}","[4.9091796875, 4.0966796875, 3.54638671875]"
133,8,50000,3,sqlite,join,warm,main,20261001,73129,"[4.9091796875, 4.0966796875, 3.54638671875]","{""load_average"": [4.9091796875, 4.0966796875, 3.54638671875], ""Pages free"": 27555, ""Pages throttled"": 0, ""Pageouts"": 251990, ""Swapouts"": 1206130}",True,0.014716542,0.014685000000000004,41795584,31834112,41828352,0.048106292000738904,0.003204625,0.022760833,0.015230542,4.7875e-05,8,3c94ae85159a6c617114341bec5aeec8395161e57722793a681f69308b4e8ff6,2026-10-01T18:17:16.142054+00:00,2026-10-01T18:17:16.200346+00:00,"{""OMP_NUM_THREADS"": ""1"", ""OPENBLAS_NUM_THREADS"": ""1"", ""MKL_NUM_THREADS"": ""1"", ""VECLIB_MAXIMUM_THREADS"": ""1"", ""NUMEXPR_NUM_THREADS"": ""1""}",0,0.12740158299857285,"{""load_average"": [4.9091796875, 4.0966796875, 3.54638671875], ""Pages free"": 27293, ""Pages throttled"": 0, ""Pageouts"": 251990, ""Swapouts"": 1206130}","[4.9091796875, 4.0966796875, 3.54638671875]"
134,8,50000,3,pandas,join,cold,main,20261001,73129,"[4.9091796875, 4.0966796875, 3.54638671875]","{""load_average"": [4.9091796875, 4.0966796875, 3.54638671875], ""Pages free"": 27526, ""Pages throttled"": 0, ""Pageouts"": 251990, ""Swapouts"": 1206130}",True,0.004503166,0.004276000000000002,76922880,68927488,76955648,0.2424546249967534,0.00127775,0.000164541,0.0,2.8583e-05,8,3c94ae85159a6c617114341bec5aeec8395161e57722793a681f69308b4e8ff6,2026-10-01T18:17:16.473951+00:00,2026-10-01T18:17:16.478861+00:00,"{""OMP_NUM_THREADS"": ""1"", ""OPENBLAS_NUM_THREADS"": ""1"", ""MKL_NUM_THREADS"": ""1"", ""VECLIB_MAXIMUM_THREADS"": ""1"", ""NUMEXPR_NUM_THREADS"": ""1""}",0,0.2855208339969977,"{""load_average"": [4.9091796875, 4.0966796875, 3.54638671875], ""Pages free"": 27103, ""Pages throttled"": 0, ""Pageouts"": 251990, ""Swapouts"": 1206130}","[4.9091796875, 4.0966796875, 3.54638671875]"
135,8,50000,3,python,join,warm,main,20261001,73129,"[4.9091796875, 4.0966796875, 3.54638671875]","{""load_average"": [4.9091796875, 4.0966796875, 3.54638671875], ""Pages free"": 27330, ""Pages throttled"": 0, ""Pageouts"": 251990, ""Swapouts"": 1206130}",True,0.005525083,0.005501999999999993,46202880,31850496,46235648,0.047743916999024805,0.002724708,0.004419084,0.005102083,4.2541e-05,8,3c94ae85159a6c617114341bec5aeec8395161e57722793a681f69308b4e8ff6,2026-10-01T18:17:16.572534+00:00,2026-10-01T18:17:16.594373+00:00,"{""OMP_NUM_THREADS"": ""1"", ""OPENBLAS_NUM_THREADS"": ""1"", ""MKL_NUM_THREADS"": ""1"", ""VECLIB_MAXIMUM_THREADS"": ""1"", ""NUMEXPR_NUM_THREADS"": ""1""}",0,0.09173612499580486,"{""load_average"": [4.9091796875, 4.0966796875, 3.54638671875], ""Pages free"": 26785, ""Pages throttled"": 0, ""Pageouts"": 251990, ""Swapouts"": 1206130}","[4.9091796875, 4.0966796875, 3.54638671875]"
136,8,50000,3,pandas,filter,warm,main,20261001,73129,"[4.9091796875, 4.0966796875, 3.54638671875]","{""load_average"": [4.9091796875, 4.0966796875, 3.54638671875], ""Pages free"": 26497, ""Pages throttled"": 0, ""Pageouts"": 251990, ""Swapouts"": 1206130}",True,0.0013775,0.0013819999999999943,73220096,68878336,73383936,0.2494988340040436,0.001202041,0.000170292,0.00244075,0.001359083,5781,f47198486bdc455ede2ad23ea7b1c461fb64b372a429b4f82422af18e7279c8a,2026-10-01T18:17:16.874303+00:00,2026-10-01T18:17:16.887076+00:00,"{""OMP_NUM_THREADS"": ""1"", ""OPENBLAS_NUM_THREADS"": ""1"", ""MKL_NUM_THREADS"": ""1"", ""VECLIB_MAXIMUM_THREADS"": ""1"", ""NUMEXPR_NUM_THREADS"": ""1""}",0,0.3021287079973263,"{""load_average"": [4.99609375, 4.1279296875, 3.560546875], ""Pages free"": 26825, ""Pages throttled"": 0, ""Pageouts"": 251990, ""Swapouts"": 1206130}","[4.99609375, 4.1279296875, 3.560546875]"
137,8,50000,3,python,filter,cold,main,20261001,73129,"[4.99609375, 4.1279296875, 3.560546875]","{""load_average"": [4.99609375, 4.1279296875, 3.560546875], ""Pages free"": 26795, ""Pages throttled"": 0, ""Pageouts"": 251990, ""Swapouts"": 1206130}",True,0.009614833,0.009119000000000002,46317568,31965184,46448640,0.04845929099974455,0.002877292,0.004270833,0.0,0.001415459,5781,f47198486bdc455ede2ad23ea7b1c461fb64b372a429b4f82422af18e7279c8a,2026-10-01T18:17:16.984239+00:00,2026-10-01T18:17:16.995461+00:00,"{""OMP_NUM_THREADS"": ""1"", ""OPENBLAS_NUM_THREADS"": ""1"", ""MKL_NUM_THREADS"": ""1"", ""VECLIB_MAXIMUM_THREADS"": ""1"", ""NUMEXPR_NUM_THREADS"": ""1""}",0,0.08335704199998872,"{""load_average"": [4.99609375, 4.1279296875, 3.560546875], ""Pages free"": 27141, ""Pages throttled"": 0, ""Pageouts"": 251990, ""Swapouts"": 1206130}","[4.99609375, 4.1279296875, 3.560546875]"
138,8,50000,3,python,group,warm,main,20261001,73129,"[4.99609375, 4.1279296875, 3.560546875]","{""load_average"": [4.99609375, 4.1279296875, 3.560546875], ""Pages free"": 27116, ""Pages throttled"": 0, ""Pageouts"": 251990, ""Swapouts"": 1206130}",True,0.003816708,0.0037769999999999956,46235648,31916032,46268416,0.048578707996057346,0.003283,0.004327917,0.003754334,5.4625e-05,64,d73d866c062f1a4202f13fde4d54860ff7c8007107f26300fb8c901717c2d21c,2026-10-01T18:17:17.075765+00:00,2026-10-01T18:17:17.094599+00:00,"{""OMP_NUM_THREADS"": ""1"", ""OPENBLAS_NUM_THREADS"": ""1"", ""MKL_NUM_THREADS"": ""1"", ""VECLIB_MAXIMUM_THREADS"": ""1"", ""NUMEXPR_NUM_THREADS"": ""1""}",0,0.08947370799432974,"{""load_average"": [4.99609375, 4.1279296875, 3.560546875], ""Pages free"": 26612, ""Pages throttled"": 0, ""Pageouts"": 251990, ""Swapouts"": 1206130}","[4.99609375, 4.1279296875, 3.560546875]"
139,8,50000,3,pandas,filter,cold,main,20261001,73129,"[4.99609375, 4.1279296875, 3.560546875]","{""load_average"": [4.99609375, 4.1279296875, 3.560546875], ""Pages free"": 26588, ""Pages throttled"": 0, ""Pageouts"": 251990, ""Swapouts"": 1206130}",True,0.003191042,0.002944000000000002,73203712,68861952,73367552,0.23988475000078324,0.001186917,0.000157583,0.0,0.001308709,5781,f47198486bdc455ede2ad23ea7b1c461fb64b372a429b4f82422af18e7279c8a,2026-10-01T18:17:17.364369+00:00,2026-10-01T18:17:17.369273+00:00,"{""OMP_NUM_THREADS"": ""1"", ""OPENBLAS_NUM_THREADS"": ""1"", ""MKL_NUM_THREADS"": ""1"", ""VECLIB_MAXIMUM_THREADS"": ""1"", ""NUMEXPR_NUM_THREADS"": ""1""}",0,0.28248837499995716,"{""load_average"": [4.99609375, 4.1279296875, 3.560546875], ""Pages free"": 26130, ""Pages throttled"": 0, ""Pageouts"": 251990, ""Swapouts"": 1206130}","[4.99609375, 4.1279296875, 3.560546875]"
140,8,50000,3,sqlite,join,cold,main,20261001,73129,"[4.99609375, 4.1279296875, 3.560546875]","{""load_average"": [4.99609375, 4.1279296875, 3.560546875], ""Pages free"": 26356, ""Pages throttled"": 0, ""Pageouts"": 251990, ""Swapouts"": 1206130}",True,0.041262625,0.040361999999999995,41861120,31916032,41893888,0.04670579099911265,0.003376959,0.02303075,0.0,3.575e-05,8,3c94ae85159a6c617114341bec5aeec8395161e57722793a681f69308b4e8ff6,2026-10-01T18:17:17.462939+00:00,2026-10-01T18:17:17.504504+00:00,"{""OMP_NUM_THREADS"": ""1"", ""OPENBLAS_NUM_THREADS"": ""1"", ""MKL_NUM_THREADS"": ""1"", ""VECLIB_MAXIMUM_THREADS"": ""1"", ""NUMEXPR_NUM_THREADS"": ""1""}",0,0.10923462500068126,"{""load_average"": [4.99609375, 4.1279296875, 3.560546875], ""Pages free"": 25840, ""Pages throttled"": 0, ""Pageouts"": 251990, ""Swapouts"": 1206130}","[4.99609375, 4.1279296875, 3.560546875]"
141,8,50000,3,sqlite,filter,cold,main,20261001,73129,"[4.99609375, 4.1279296875, 3.560546875]","{""load_average"": [4.99609375, 4.1279296875, 3.560546875], ""Pages free"": 25809, ""Pages throttled"": 0, ""Pageouts"": 251990, ""Swapouts"": 1206130}",True,0.030021208,0.029131999999999998,40566784,31916032,40599552,0.0474107499976526,0.003044083,0.023781084,0.0,0.001969,5781,f47198486bdc455ede2ad23ea7b1c461fb64b372a429b4f82422af18e7279c8a,2026-10-01T18:17:17.580963+00:00,2026-10-01T18:17:17.613202+00:00,"{""OMP_NUM_THREADS"": ""1"", ""OPENBLAS_NUM_THREADS"": ""1"", ""MKL_NUM_THREADS"": ""1"", ""VECLIB_MAXIMUM_THREADS"": ""1"", ""NUMEXPR_NUM_THREADS"": ""1""}",0,0.10358999999880325,"{""load_average"": [4.99609375, 4.1279296875, 3.560546875], ""Pages free"": 27352, ""Pages throttled"": 0, ""Pageouts"": 251990, ""Swapouts"": 1206130}","[4.99609375, 4.1279296875, 3.560546875]"
142,8,50000,3,sqlite,filter,warm,main,20261001,73129,"[4.99609375, 4.1279296875, 3.560546875]","{""load_average"": [4.99609375, 4.1279296875, 3.560546875], ""Pages free"": 27324, ""Pages throttled"": 0, ""Pageouts"": 251990, ""Swapouts"": 1206130}",True,0.003096959,0.0031009999999999927,40615936,31965184,40648704,0.04519333299685968,0.003049834,0.023232916,0.0031595,0.001345083,5781,f47198486bdc455ede2ad23ea7b1c461fb64b372a429b4f82422af18e7279c8a,2026-10-01T18:17:17.689021+00:00,2026-10-01T18:17:17.725162+00:00,"{""OMP_NUM_THREADS"": ""1"", ""OPENBLAS_NUM_THREADS"": ""1"", ""MKL_NUM_THREADS"": ""1"", ""VECLIB_MAXIMUM_THREADS"": ""1"", ""NUMEXPR_NUM_THREADS"": ""1""}",0,0.10243700000137324,"{""load_average"": [4.99609375, 4.1279296875, 3.560546875], ""Pages free"": 25078, ""Pages throttled"": 0, ""Pageouts"": 251990, ""Swapouts"": 1206130}","[4.99609375, 4.1279296875, 3.560546875]"
143,8,50000,3,pandas,join,warm,main,20261001,73129,"[4.99609375, 4.1279296875, 3.560546875]","{""load_average"": [4.99609375, 4.1279296875, 3.560546875], ""Pages free"": 25058, ""Pages throttled"": 0, ""Pageouts"": 251990, ""Swapouts"": 1206130}",True,0.002312833,0.0023180000000000145,76922880,68927488,76955648,0.24685112500446849,0.001170625,0.000149542,0.0028115,3.8125e-05,8,3c94ae85159a6c617114341bec5aeec8395161e57722793a681f69308b4e8ff6,2026-10-01T18:17:18.002501+00:00,2026-10-01T18:17:18.015166+00:00,"{""OMP_NUM_THREADS"": ""1"", ""OPENBLAS_NUM_THREADS"": ""1"", ""MKL_NUM_THREADS"": ""1"", ""VECLIB_MAXIMUM_THREADS"": ""1"", ""NUMEXPR_NUM_THREADS"": ""1""}",0,0.29751941599533893,"{""load_average"": [4.99609375, 4.1279296875, 3.560546875], ""Pages free"": 25269, ""Pages throttled"": 0, ""Pageouts"": 251990, ""Swapouts"": 1206130}","[4.99609375, 4.1279296875, 3.560546875]"
144,8,50000,3,python,filter,warm,main,20261001,73129,"[4.99609375, 4.1279296875, 3.560546875]","{""load_average"": [4.99609375, 4.1279296875, 3.560546875], ""Pages free"": 25245, ""Pages throttled"": 0, ""Pageouts"": 251990, ""Swapouts"": 1206130}",True,0.001118042,0.001122999999999992,46235648,31899648,46366720,0.04820629199821269,0.003084333,0.004264375,0.002424375,0.001290917,5781,f47198486bdc455ede2ad23ea7b1c461fb64b372a429b4f82422af18e7279c8a,2026-10-01T18:17:18.108200+00:00,2026-10-01T18:17:18.124018+00:00,"{""OMP_NUM_THREADS"": ""1"", ""OPENBLAS_NUM_THREADS"": ""1"", ""MKL_NUM_THREADS"": ""1"", ""VECLIB_MAXIMUM_THREADS"": ""1"", ""NUMEXPR_NUM_THREADS"": ""1""}",0,0.0869052499983809,"{""load_average"": [4.99609375, 4.1279296875, 3.560546875], ""Pages free"": 25136, ""Pages throttled"": 0, ""Pageouts"": 251990, ""Swapouts"": 1206130}","[4.99609375, 4.1279296875, 3.560546875]"
145,9,1000000,5,sqlite,filter,warm,main,20261001,73129,"[4.99609375, 4.1279296875, 3.560546875]","{""load_average"": [4.99609375, 4.1279296875, 3.560546875], ""Pages free"": 25568, ""Pages throttled"": 0, ""Pageouts"": 251990, ""Swapouts"": 1206130}",True,0.063976,0.06366099999999997,119439360,31899648,119603200,0.05683662500086939,0.012132208,0.437430542,0.0640505,0.026070709,113946,650d5b611ec563af2c2f8123abcefad606ffc91351ffe5b9d50dacbf0041e51e,2026-10-01T18:17:19.239251+00:00,2026-10-01T18:17:19.846843+00:00,"{""OMP_NUM_THREADS"": ""1"", ""OPENBLAS_NUM_THREADS"": ""1"", ""MKL_NUM_THREADS"": ""1"", ""VECLIB_MAXIMUM_THREADS"": ""1"", ""NUMEXPR_NUM_THREADS"": ""1""}",0,0.7005566660009208,"{""load_average"": [4.99609375, 4.1279296875, 3.560546875], ""Pages free"": 25256, ""Pages throttled"": 0, ""Pageouts"": 251990, ""Swapouts"": 1206130}","[4.99609375, 4.1279296875, 3.560546875]"
146,9,1000000,5,pandas,filter,cold,main,20261001,73129,"[4.99609375, 4.1279296875, 3.560546875]","{""load_average"": [4.99609375, 4.1279296875, 3.560546875], ""Pages free"": 25227, ""Pages throttled"": 0, ""Pageouts"": 251990, ""Swapouts"": 1206130}",True,0.027895917,0.027488000000000012,149700608,68845568,149864448,0.24117979199945694,0.008050417,0.000179791,0.0,0.026320416,113946,650d5b611ec563af2c2f8123abcefad606ffc91351ffe5b9d50dacbf0041e51e,2026-10-01T18:17:20.122758+00:00,2026-10-01T18:17:20.177316+00:00,"{""OMP_NUM_THREADS"": ""1"", ""OPENBLAS_NUM_THREADS"": ""1"", ""MKL_NUM_THREADS"": ""1"", ""VECLIB_MAXIMUM_THREADS"": ""1"", ""NUMEXPR_NUM_THREADS"": ""1""}",0,0.3368374169949675,"{""load_average"": [4.99609375, 4.1279296875, 3.560546875], ""Pages free"": 24813, ""Pages throttled"": 0, ""Pageouts"": 251990, ""Swapouts"": 1206130}","[4.99609375, 4.1279296875, 3.560546875]"
147,9,1000000,5,sqlite,join,cold,main,20261001,73129,"[4.99609375, 4.1279296875, 3.560546875]","{""load_average"": [4.99609375, 4.1279296875, 3.560546875], ""Pages free"": 25045, ""Pages throttled"": 0, ""Pageouts"": 251990, ""Swapouts"": 1206130}",True,0.766164042,0.7618149999999999,135168000,31866880,135200768,0.04846954199456377,0.009899834,0.434975708,0.0,4.5375e-05,8,9c4d4bed2506ea48344b9a1feb663161886647b4c790245fc45905fe3386c8e8,2026-10-01T18:17:20.274947+00:00,2026-10-01T18:17:21.041419+00:00,"{""OMP_NUM_THREADS"": ""1"", ""OPENBLAS_NUM_THREADS"": ""1"", ""MKL_NUM_THREADS"": ""1"", ""VECLIB_MAXIMUM_THREADS"": ""1"", ""NUMEXPR_NUM_THREADS"": ""1""}",0,0.8385937499988358,"{""load_average"": [4.99609375, 4.1279296875, 3.560546875], ""Pages free"": 25268, ""Pages throttled"": 0, ""Pageouts"": 251990, ""Swapouts"": 1206130}","[4.99609375, 4.1279296875, 3.560546875]"
148,9,1000000,5,sqlite,group,warm,main,20261001,73129,"[4.99609375, 4.1279296875, 3.560546875]","{""load_average"": [4.99609375, 4.1279296875, 3.560546875], ""Pages free"": 25502, ""Pages throttled"": 0, ""Pageouts"": 251990, ""Swapouts"": 1206130}",True,0.348191666,0.347225,135184384,31850496,135217152,0.04706804200395709,0.009961292,0.436021041,0.379873,6.0334e-05,64,824d3af0f5a10249cdced0440fd58546e3299cf6ce1e26d118b5bb1530adc7c3,2026-10-01T18:17:21.119963+00:00,2026-10-01T18:17:22.296810+00:00,"{""OMP_NUM_THREADS"": ""1"", ""OPENBLAS_NUM_THREADS"": ""1"", ""MKL_NUM_THREADS"": ""1"", ""VECLIB_MAXIMUM_THREADS"": ""1"", ""NUMEXPR_NUM_THREADS"": ""1""}",0,1.2483199999987846,"{""load_average"": [4.8359375, 4.10888671875, 3.55712890625], ""Pages free"": 24906, ""Pages throttled"": 0, ""Pageouts"": 251990, ""Swapouts"": 1206130}","[4.8359375, 4.10888671875, 3.55712890625]"
149,9,1000000,5,pandas,join,warm,main,20261001,73129,"[4.8359375, 4.10888671875, 3.55712890625]","{""load_average"": [4.8359375, 4.10888671875, 3.55712890625], ""Pages free"": 24874, ""Pages throttled"": 0, ""Pageouts"": 251990, ""Swapouts"": 1206130}",True,0.026985375,0.02696599999999999,241025024,68960256,241057792,0.23665866699593607,0.008083083,0.000177875,0.035960292,4.6375e-05,8,9c4d4bed2506ea48344b9a1feb663161886647b4c790245fc45905fe3386c8e8,2026-10-01T18:17:22.578257+00:00,2026-10-01T18:17:22.655509+00:00,"{""OMP_NUM_THREADS"": ""1"", ""OPENBLAS_NUM_THREADS"": ""1"", ""MKL_NUM_THREADS"": ""1"", ""VECLIB_MAXIMUM_THREADS"": ""1"", ""NUMEXPR_NUM_THREADS"": ""1""}",0,0.3631523340009153,"{""load_average"": [4.8359375, 4.10888671875, 3.55712890625], ""Pages free"": 26194, ""Pages throttled"": 0, ""Pageouts"": 251990, ""Swapouts"": 1206130}","[4.8359375, 4.10888671875, 3.55712890625]"
150,9,1000000,5,pandas,join,cold,main,20261001,73129,"[4.8359375, 4.10888671875, 3.55712890625]","{""load_average"": [4.8359375, 4.10888671875, 3.55712890625], ""Pages free"": 26164, ""Pages throttled"": 0, ""Pageouts"": 251990, ""Swapouts"": 1206130}",True,0.044423083,0.04408900000000002,241008640,68976640,241041408,0.2357425410009455,0.007639166,0.000175709,0.0,2.8125e-05,8,9c4d4bed2506ea48344b9a1feb663161886647b4c790245fc45905fe3386c8e8,2026-10-01T18:17:22.936743+00:00,2026-10-01T18:17:22.981500+00:00,"{""OMP_NUM_THREADS"": ""1"", ""OPENBLAS_NUM_THREADS"": ""1"", ""MKL_NUM_THREADS"": ""1"", ""VECLIB_MAXIMUM_THREADS"": ""1"", ""NUMEXPR_NUM_THREADS"": ""1""}",0,0.31723274999967543,"{""load_average"": [4.8359375, 4.10888671875, 3.55712890625], ""Pages free"": 23530, ""Pages throttled"": 0, ""Pageouts"": 251990, ""Swapouts"": 1206130}","[4.8359375, 4.10888671875, 3.55712890625]"
151,9,1000000,5,pandas,group,cold,main,20261001,73129,"[4.8359375, 4.10888671875, 3.55712890625]","{""load_average"": [4.8359375, 4.10888671875, 3.55712890625], ""Pages free"": 23506, ""Pages throttled"": 0, ""Pageouts"": 251990, ""Swapouts"": 1206130}",True,0.016928084,0.016721999999999987,129056768,68927488,129089536,0.23223979199974565,0.008177084,0.000179041,0.0,4.5792e-05,64,824d3af0f5a10249cdced0440fd58546e3299cf6ce1e26d118b5bb1530adc7c3,2026-10-01T18:17:23.259249+00:00,2026-10-01T18:17:23.276612+00:00,"{""OMP_NUM_THREADS"": ""1"", ""OPENBLAS_NUM_THREADS"": ""1"", ""MKL_NUM_THREADS"": ""1"", ""VECLIB_MAXIMUM_THREADS"": ""1"", ""NUMEXPR_NUM_THREADS"": ""1""}",0,0.28748654200171586,"{""load_average"": [4.8359375, 4.10888671875, 3.55712890625], ""Pages free"": 25093, ""Pages throttled"": 0, ""Pageouts"": 251990, ""Swapouts"": 1206130}","[4.8359375, 4.10888671875, 3.55712890625]"
152,9,1000000,5,pandas,filter,warm,main,20261001,73129,"[4.8359375, 4.10888671875, 3.55712890625]","{""load_average"": [4.8359375, 4.10888671875, 3.55712890625], ""Pages free"": 25327, ""Pages throttled"": 0, ""Pageouts"": 251990, ""Swapouts"": 1206130}",True,0.017037417,0.01702200000000001,149716992,68878336,149897216,0.23308616700523999,0.00788725,0.000168,0.018961584,0.025677125,113946,650d5b611ec563af2c2f8123abcefad606ffc91351ffe5b9d50dacbf0041e51e,2026-10-01T18:17:23.555432+00:00,2026-10-01T18:17:23.632321+00:00,"{""OMP_NUM_THREADS"": ""1"", ""OPENBLAS_NUM_THREADS"": ""1"", ""MKL_NUM_THREADS"": ""1"", ""VECLIB_MAXIMUM_THREADS"": ""1"", ""NUMEXPR_NUM_THREADS"": ""1""}",0,0.3497753749979893,"{""load_average"": [4.8359375, 4.10888671875, 3.55712890625], ""Pages free"": 27366, ""Pages throttled"": 0, ""Pageouts"": 251990, ""Swapouts"": 1206130}","[4.8359375, 4.10888671875, 3.55712890625]"
153,9,1000000,5,sqlite,group,cold,main,20261001,73129,"[4.8359375, 4.10888671875, 3.55712890625]","{""load_average"": [4.8359375, 4.10888671875, 3.55712890625], ""Pages free"": 27590, ""Pages throttled"": 0, ""Pageouts"": 251990, ""Swapouts"": 1206130}",True,0.797981209,0.795204,135135232,31834112,135168000,0.04804308299935656,0.00981775,0.4264555,0.0,6.3625e-05,64,824d3af0f5a10249cdced0440fd58546e3299cf6ce1e26d118b5bb1530adc7c3,2026-10-01T18:17:23.728242+00:00,2026-10-01T18:17:24.526594+00:00,"{""OMP_NUM_THREADS"": ""1"", ""OPENBLAS_NUM_THREADS"": ""1"", ""MKL_NUM_THREADS"": ""1"", ""VECLIB_MAXIMUM_THREADS"": ""1"", ""NUMEXPR_NUM_THREADS"": ""1""}",0,0.8695783340008347,"{""load_average"": [4.8359375, 4.10888671875, 3.55712890625], ""Pages free"": 11986, ""Pages throttled"": 0, ""Pageouts"": 251990, ""Swapouts"": 1206130}","[4.8359375, 4.10888671875, 3.55712890625]"
154,9,1000000,5,python,group,warm,main,20261001,73129,"[4.8359375, 4.10888671875, 3.55712890625]","{""load_average"": [4.8359375, 4.10888671875, 3.55712890625], ""Pages free"": 12239, ""Pages throttled"": 0, ""Pageouts"": 251990, ""Swapouts"": 1206130}",True,0.071672083,0.07139200000000001,288063488,31883264,288096256,0.043756749997555744,0.00922775,0.093419958,0.0728465,7.6375e-05,64,824d3af0f5a10249cdced0440fd58546e3299cf6ce1e26d118b5bb1530adc7c3,2026-10-01T18:17:24.601013+00:00,2026-10-01T18:17:24.899077+00:00,"{""OMP_NUM_THREADS"": ""1"", ""OPENBLAS_NUM_THREADS"": ""1"", ""MKL_NUM_THREADS"": ""1"", ""VECLIB_MAXIMUM_THREADS"": ""1"", ""NUMEXPR_NUM_THREADS"": ""1""}",0,0.3932442090008408,"{""load_average"": [4.8359375, 4.10888671875, 3.55712890625], ""Pages free"": 20462, ""Pages throttled"": 0, ""Pageouts"": 252555, ""Swapouts"": 1206130}","[4.8359375, 4.10888671875, 3.55712890625]"
155,9,1000000,5,python,group,cold,main,20261001,73129,"[4.8359375, 4.10888671875, 3.55712890625]","{""load_average"": [4.8359375, 4.10888671875, 3.55712890625], ""Pages free"": 20692, ""Pages throttled"": 0, ""Pageouts"": 252555, ""Swapouts"": 1206130}",True,0.170223042,0.169329,288047104,31850496,288079872,0.047060333999979775,0.009837542,0.089735458,0.0,0.000100084,64,824d3af0f5a10249cdced0440fd58546e3299cf6ce1e26d118b5bb1530adc7c3,2026-10-01T18:17:25.007998+00:00,2026-10-01T18:17:25.178519+00:00,"{""OMP_NUM_THREADS"": ""1"", ""OPENBLAS_NUM_THREADS"": ""1"", ""MKL_NUM_THREADS"": ""1"", ""VECLIB_MAXIMUM_THREADS"": ""1"", ""NUMEXPR_NUM_THREADS"": ""1""}",0,0.27293062500393717,"{""load_average"": [4.8359375, 4.10888671875, 3.55712890625], ""Pages free"": 23648, ""Pages throttled"": 0, ""Pageouts"": 252555, ""Swapouts"": 1206130}","[4.8359375, 4.10888671875, 3.55712890625]"
156,9,1000000,5,python,join,warm,main,20261001,73129,"[4.8359375, 4.10888671875, 3.55712890625]","{""load_average"": [4.8359375, 4.10888671875, 3.55712890625], ""Pages free"": 23872, ""Pages throttled"": 0, ""Pageouts"": 252555, ""Swapouts"": 1206130}",True,0.106193792,0.10595100000000002,287981568,31801344,288030720,0.04849879199900897,0.009978792,0.088756292,0.102085584,4.825e-05,8,9c4d4bed2506ea48344b9a1feb663161886647b4c790245fc45905fe3386c8e8,2026-10-01T18:17:25.289953+00:00,2026-10-01T18:17:25.640665+00:00,"{""OMP_NUM_THREADS"": ""1"", ""OPENBLAS_NUM_THREADS"": ""1"", ""MKL_NUM_THREADS"": ""1"", ""VECLIB_MAXIMUM_THREADS"": ""1"", ""NUMEXPR_NUM_THREADS"": ""1""}",0,0.4552724169989233,"{""load_average"": [4.8359375, 4.10888671875, 3.55712890625], ""Pages free"": 24004, ""Pages throttled"": 0, ""Pageouts"": 252555, ""Swapouts"": 1206130}","[4.8359375, 4.10888671875, 3.55712890625]"
157,9,1000000,5,python,filter,cold,main,20261001,73129,"[4.8359375, 4.10888671875, 3.55712890625]","{""load_average"": [4.8359375, 4.10888671875, 3.55712890625], ""Pages free"": 23712, ""Pages throttled"": 0, ""Pageouts"": 252555, ""Swapouts"": 1206130}",True,0.214323375,0.21273399999999998,295469056,31883264,295632896,0.049196792002476286,0.01011125,0.089849,0.0,0.027576833,113946,650d5b611ec563af2c2f8123abcefad606ffc91351ffe5b9d50dacbf0041e51e,2026-10-01T18:17:25.752776+00:00,2026-10-01T18:17:25.994982+00:00,"{""OMP_NUM_THREADS"": ""1"", ""OPENBLAS_NUM_THREADS"": ""1"", ""MKL_NUM_THREADS"": ""1"", ""VECLIB_MAXIMUM_THREADS"": ""1"", ""NUMEXPR_NUM_THREADS"": ""1""}",0,0.3490540420025354,"{""load_average"": [4.8359375, 4.10888671875, 3.55712890625], ""Pages free"": 21637, ""Pages throttled"": 0, ""Pageouts"": 252555, ""Swapouts"": 1206130}","[4.8359375, 4.10888671875, 3.55712890625]"
158,9,1000000,5,pandas,group,warm,main,20261001,73129,"[4.8359375, 4.10888671875, 3.55712890625]","{""load_average"": [4.8359375, 4.10888671875, 3.55712890625], ""Pages free"": 21611, ""Pages throttled"": 0, ""Pageouts"": 252555, ""Swapouts"": 1206130}",True,0.006510708,0.006514999999999993,129007616,68878336,129040384,0.2439630840017344,0.008094,0.000177916,0.008617875,5.475e-05,64,824d3af0f5a10249cdced0440fd58546e3299cf6ce1e26d118b5bb1530adc7c3,2026-10-01T18:17:26.306143+00:00,2026-10-01T18:17:26.335883+00:00,"{""OMP_NUM_THREADS"": ""1"", ""OPENBLAS_NUM_THREADS"": ""1"", ""MKL_NUM_THREADS"": ""1"", ""VECLIB_MAXIMUM_THREADS"": ""1"", ""NUMEXPR_NUM_THREADS"": ""1""}",0,0.31027795800036984,"{""load_average"": [4.8359375, 4.10888671875, 3.55712890625], ""Pages free"": 20607, ""Pages throttled"": 0, ""Pageouts"": 252555, ""Swapouts"": 1206130}","[4.8359375, 4.10888671875, 3.55712890625]"
159,9,1000000,5,sqlite,filter,cold,main,20261001,73129,"[4.8359375, 4.10888671875, 3.55712890625]","{""load_average"": [4.8359375, 4.10888671875, 3.55712890625], ""Pages free"": 20579, ""Pages throttled"": 0, ""Pageouts"": 252555, ""Swapouts"": 1206130}",True,0.506119708,0.504011,119439360,31916032,119586816,0.04660341599810636,0.009423417,0.4334125,0.0,0.025077958,113946,650d5b611ec563af2c2f8123abcefad606ffc91351ffe5b9d50dacbf0041e51e,2026-10-01T18:17:26.427172+00:00,2026-10-01T18:17:26.958591+00:00,"{""OMP_NUM_THREADS"": ""1"", ""OPENBLAS_NUM_THREADS"": ""1"", ""MKL_NUM_THREADS"": ""1"", ""VECLIB_MAXIMUM_THREADS"": ""1"", ""NUMEXPR_NUM_THREADS"": ""1""}",0,0.6029187090025516,"{""load_average"": [4.6083984375, 4.07373046875, 3.5478515625], ""Pages free"": 22441, ""Pages throttled"": 0, ""Pageouts"": 252555, ""Swapouts"": 1206130}","[4.6083984375, 4.07373046875, 3.5478515625]"
160,9,1000000,5,sqlite,join,warm,main,20261001,73129,"[4.6083984375, 4.07373046875, 3.5478515625]","{""load_average"": [4.6083984375, 4.07373046875, 3.5478515625], ""Pages free"": 22666, ""Pages throttled"": 0, ""Pageouts"": 252555, ""Swapouts"": 1206130}",True,0.312572417,0.31190700000000005,135200768,31817728,135233536,0.0476226669998141,0.009745334,0.427650166,0.318682209,5.3958e-05,8,9c4d4bed2506ea48344b9a1feb663161886647b4c790245fc45905fe3386c8e8,2026-10-01T18:17:27.040636+00:00,2026-10-01T18:17:28.111577+00:00,"{""OMP_NUM_THREADS"": ""1"", ""OPENBLAS_NUM_THREADS"": ""1"", ""MKL_NUM_THREADS"": ""1"", ""VECLIB_MAXIMUM_THREADS"": ""1"", ""NUMEXPR_NUM_THREADS"": ""1""}",0,1.1434677500001271,"{""load_average"": [4.6083984375, 4.07373046875, 3.5478515625], ""Pages free"": 23110, ""Pages throttled"": 0, ""Pageouts"": 252555, ""Swapouts"": 1206130}","[4.6083984375, 4.07373046875, 3.5478515625]"
161,9,1000000,5,python,join,cold,main,20261001,73129,"[4.6083984375, 4.07373046875, 3.5478515625]","{""load_average"": [4.6083984375, 4.07373046875, 3.5478515625], ""Pages free"": 26064, ""Pages throttled"": 0, ""Pageouts"": 252555, ""Swapouts"": 1206130}",True,0.203019458,0.201177,288129024,31916032,288178176,0.04904812499444233,0.010426167,0.090920708,0.0,4.8334e-05,8,9c4d4bed2506ea48344b9a1feb663161886647b4c790245fc45905fe3386c8e8,2026-10-01T18:17:28.193159+00:00,2026-10-01T18:17:28.396492+00:00,"{""OMP_NUM_THREADS"": ""1"", ""OPENBLAS_NUM_THREADS"": ""1"", ""MKL_NUM_THREADS"": ""1"", ""VECLIB_MAXIMUM_THREADS"": ""1"", ""NUMEXPR_NUM_THREADS"": ""1""}",0,0.3049429169986979,"{""load_average"": [4.6083984375, 4.07373046875, 3.5478515625], ""Pages free"": 23288, ""Pages throttled"": 0, ""Pageouts"": 252555, ""Swapouts"": 1206130}","[4.6083984375, 4.07373046875, 3.5478515625]"
162,9,1000000,5,python,filter,warm,main,20261001,73129,"[4.6083984375, 4.07373046875, 3.5478515625]","{""load_average"": [4.6083984375, 4.07373046875, 3.5478515625], ""Pages free"": 23514, ""Pages throttled"": 0, ""Pageouts"": 252555, ""Swapouts"": 1206130}",True,0.027340167,0.02725299999999997,295469056,31883264,295632896,0.04538495899760164,0.009844208,0.087369084,0.108530958,0.027308791,113946,650d5b611ec563af2c2f8123abcefad606ffc91351ffe5b9d50dacbf0041e51e,2026-10-01T18:17:28.502546+00:00,2026-10-01T18:17:28.813031+00:00,"{""OMP_NUM_THREADS"": ""1"", ""OPENBLAS_NUM_THREADS"": ""1"", ""MKL_NUM_THREADS"": ""1"", ""VECLIB_MAXIMUM_THREADS"": ""1"", ""NUMEXPR_NUM_THREADS"": ""1""}",0,0.4160812080008327,"{""load_average"": [4.6083984375, 4.07373046875, 3.5478515625], ""Pages free"": 23035, ""Pages throttled"": 0, ""Pageouts"": 252555, ""Swapouts"": 1206130}","[4.6083984375, 4.07373046875, 3.5478515625]"
163,10,250000,3,python,filter,warm,main,20261001,73129,"[4.6083984375, 4.07373046875, 3.5478515625]","{""load_average"": [4.6083984375, 4.07373046875, 3.5478515625], ""Pages free"": 21884, ""Pages throttled"": 0, ""Pageouts"": 252555, ""Swapouts"": 1206130}",True,0.006601459,0.006613000000000008,98435072,31850496,98598912,0.05344799999875249,0.008601167,0.02477225,0.019225583,0.006734625,28141,cdbab1e391e55021fa7b0416ef3d094bf777bc1af418dddee702665ba775535a,2026-10-01T18:17:29.960350+00:00,2026-10-01T18:17:30.045415+00:00,"{""OMP_NUM_THREADS"": ""1"", ""OPENBLAS_NUM_THREADS"": ""1"", ""MKL_NUM_THREADS"": ""1"", ""VECLIB_MAXIMUM_THREADS"": ""1"", ""NUMEXPR_NUM_THREADS"": ""1""}",0,0.18144324999593664,"{""load_average"": [4.6083984375, 4.07373046875, 3.5478515625], ""Pages free"": 22546, ""Pages throttled"": 0, ""Pageouts"": 252555, ""Swapouts"": 1206130}","[4.6083984375, 4.07373046875, 3.5478515625]"
164,10,250000,3,python,group,cold,main,20261001,73129,"[4.6083984375, 4.07373046875, 3.5478515625]","{""load_average"": [4.6083984375, 4.07373046875, 3.5478515625], ""Pages free"": 22788, ""Pages throttled"": 0, ""Pageouts"": 252555, ""Swapouts"": 1206130}",True,0.046519333,0.045436000000000004,96763904,31850496,96796672,0.0510862909941352,0.005177083,0.023421167,0.0,6.6584e-05,64,cb27f065f967c64d273dda7382a758429eae912833ec110b88dd344410074758,2026-10-01T18:17:30.138760+00:00,2026-10-01T18:17:30.185877+00:00,"{""OMP_NUM_THREADS"": ""1"", ""OPENBLAS_NUM_THREADS"": ""1"", ""MKL_NUM_THREADS"": ""1"", ""VECLIB_MAXIMUM_THREADS"": ""1"", ""NUMEXPR_NUM_THREADS"": ""1""}",0,0.12933416600571945,"{""load_average"": [4.6083984375, 4.07373046875, 3.5478515625], ""Pages free"": 25616, ""Pages throttled"": 0, ""Pageouts"": 252555, ""Swapouts"": 1206130}","[4.6083984375, 4.07373046875, 3.5478515625]"
165,10,250000,3,pandas,filter,cold,main,20261001,73129,"[4.6083984375, 4.07373046875, 3.5478515625]","{""load_average"": [4.6083984375, 4.07373046875, 3.5478515625], ""Pages free"": 25847, ""Pages throttled"": 0, ""Pageouts"": 252555, ""Swapouts"": 1206130}",True,0.00831625,0.008017000000000024,88702976,68812800,88883200,0.232662333000917,0.002663625,0.000211833,0.0,0.006386708,28141,cdbab1e391e55021fa7b0416ef3d094bf777bc1af418dddee702665ba775535a,2026-10-01T18:17:30.456971+00:00,2026-10-01T18:17:30.471937+00:00,"{""OMP_NUM_THREADS"": ""1"", ""OPENBLAS_NUM_THREADS"": ""1"", ""MKL_NUM_THREADS"": ""1"", ""VECLIB_MAXIMUM_THREADS"": ""1"", ""NUMEXPR_NUM_THREADS"": ""1""}",0,0.2855151659969124,"{""load_average"": [4.6083984375, 4.07373046875, 3.5478515625], ""Pages free"": 22724, ""Pages throttled"": 0, ""Pageouts"": 252555, ""Swapouts"": 1206130}","[4.6083984375, 4.07373046875, 3.5478515625]"
166,10,250000,3,pandas,join,warm,main,20261001,73129,"[4.6083984375, 4.07373046875, 3.5478515625]","{""load_average"": [4.6083984375, 4.07373046875, 3.5478515625], ""Pages free"": 22950, ""Pages throttled"": 0, ""Pageouts"": 252555, ""Swapouts"": 1206130}",True,0.007860083,0.007864999999999983,115392512,68960256,115425280,0.2346742500012624,0.002508,0.000156416,0.010250292,3.0834e-05,8,0104f6aa03972640e0b632cfeb321caa0cfb49c858a4849d027924b885afa4ec,2026-10-01T18:17:30.751234+00:00,2026-10-01T18:17:30.777797+00:00,"{""OMP_NUM_THREADS"": ""1"", ""OPENBLAS_NUM_THREADS"": ""1"", ""MKL_NUM_THREADS"": ""1"", ""VECLIB_MAXIMUM_THREADS"": ""1"", ""NUMEXPR_NUM_THREADS"": ""1""}",0,0.2986885420032195,"{""load_average"": [4.6083984375, 4.07373046875, 3.5478515625], ""Pages free"": 22346, ""Pages throttled"": 0, ""Pageouts"": 252555, ""Swapouts"": 1206130}","[4.6083984375, 4.07373046875, 3.5478515625]"
167,10,250000,3,python,group,warm,main,20261001,73129,"[4.6083984375, 4.07373046875, 3.5478515625]","{""load_average"": [4.6083984375, 4.07373046875, 3.5478515625], ""Pages free"": 22571, ""Pages throttled"": 0, ""Pageouts"": 252555, ""Swapouts"": 1206130}",True,0.018104084,0.017938999999999997,96714752,31784960,96747520,0.048201375000644475,0.004297583,0.0222615,0.01790875,5.9417e-05,64,cb27f065f967c64d273dda7382a758429eae912833ec110b88dd344410074758,2026-10-01T18:17:30.872004+00:00,2026-10-01T18:17:30.946512+00:00,"{""OMP_NUM_THREADS"": ""1"", ""OPENBLAS_NUM_THREADS"": ""1"", ""MKL_NUM_THREADS"": ""1"", ""VECLIB_MAXIMUM_THREADS"": ""1"", ""NUMEXPR_NUM_THREADS"": ""1""}",0,0.15090512500319164,"{""load_average"": [4.6083984375, 4.07373046875, 3.5478515625], ""Pages free"": 22424, ""Pages throttled"": 0, ""Pageouts"": 252555, ""Swapouts"": 1206130}","[4.6083984375, 4.07373046875, 3.5478515625]"
168,10,250000,3,sqlite,join,cold,main,20261001,73129,"[4.6083984375, 4.07373046875, 3.5478515625]","{""load_average"": [4.6083984375, 4.07373046875, 3.5478515625], ""Pages free"": 22643, ""Pages throttled"": 0, ""Pageouts"": 252555, ""Swapouts"": 1206130}",True,0.189475208,0.18840600000000002,61161472,31850496,61194240,0.04609970800083829,0.004317916,0.108270459,0.0,4.4958e-05,8,0104f6aa03972640e0b632cfeb321caa0cfb49c858a4849d027924b885afa4ec,2026-10-01T18:17:31.029753+00:00,2026-10-01T18:17:31.219484+00:00,"{""OMP_NUM_THREADS"": ""1"", ""OPENBLAS_NUM_THREADS"": ""1"", ""MKL_NUM_THREADS"": ""1"", ""VECLIB_MAXIMUM_THREADS"": ""1"", ""NUMEXPR_NUM_THREADS"": ""1""}",0,0.2567479170029401,"{""load_average"": [4.6083984375, 4.07373046875, 3.5478515625], ""Pages free"": 24914, ""Pages throttled"": 0, ""Pageouts"": 252555, ""Swapouts"": 1206130}","[4.6083984375, 4.07373046875, 3.5478515625]"
169,10,250000,3,sqlite,group,warm,main,20261001,73129,"[4.6083984375, 4.07373046875, 3.5478515625]","{""load_average"": [4.6083984375, 4.07373046875, 3.5478515625], ""Pages free"": 23865, ""Pages throttled"": 0, ""Pageouts"": 252555, ""Swapouts"": 1206130}",True,0.05199,0.051867000000000024,61292544,31834112,61325312,0.04564583399769617,0.004229917,0.108420958,0.052964208,6.1083e-05,64,cb27f065f967c64d273dda7382a758429eae912833ec110b88dd344410074758,2026-10-01T18:17:31.296270+00:00,2026-10-01T18:17:31.515947+00:00,"{""OMP_NUM_THREADS"": ""1"", ""OPENBLAS_NUM_THREADS"": ""1"", ""MKL_NUM_THREADS"": ""1"", ""VECLIB_MAXIMUM_THREADS"": ""1"", ""NUMEXPR_NUM_THREADS"": ""1""}",0,0.2864090830044006,"{""load_average"": [4.6083984375, 4.07373046875, 3.5478515625], ""Pages free"": 23054, ""Pages throttled"": 0, ""Pageouts"": 252555, ""Swapouts"": 1206130}","[4.6083984375, 4.07373046875, 3.5478515625]"
170,10,250000,3,pandas,group,warm,main,20261001,73129,"[4.6083984375, 4.07373046875, 3.5478515625]","{""load_average"": [4.6083984375, 4.07373046875, 3.5478515625], ""Pages free"": 23023, ""Pages throttled"": 0, ""Pageouts"": 252555, ""Swapouts"": 1206130}",True,0.002279166,0.0022850000000000092,86294528,68927488,86343680,0.24003375000029337,0.002448959,0.000157875,0.002863334,6.175e-05,64,cb27f065f967c64d273dda7382a758429eae912833ec110b88dd344410074758,2026-10-01T18:17:31.785436+00:00,2026-10-01T18:17:31.799096+00:00,"{""OMP_NUM_THREADS"": ""1"", ""OPENBLAS_NUM_THREADS"": ""1"", ""MKL_NUM_THREADS"": ""1"", ""VECLIB_MAXIMUM_THREADS"": ""1"", ""NUMEXPR_NUM_THREADS"": ""1""}",0,0.29131349999806844,"{""load_average"": [4.5595703125, 4.072265625, 3.55029296875], ""Pages free"": 22182, ""Pages throttled"": 0, ""Pageouts"": 252555, ""Swapouts"": 1206130}","[4.5595703125, 4.072265625, 3.55029296875]"
171,10,250000,3,pandas,filter,warm,main,20261001,73129,"[4.5595703125, 4.072265625, 3.55029296875]","{""load_average"": [4.5595703125, 4.072265625, 3.55029296875], ""Pages free"": 22156, ""Pages throttled"": 0, ""Pageouts"": 252555, ""Swapouts"": 1206130}",True,0.004589667,0.004592999999999986,88850432,68927488,89014272,0.2231504169976688,0.002527084,0.000159125,0.005153667,0.006557375,28141,cdbab1e391e55021fa7b0416ef3d094bf777bc1af418dddee702665ba775535a,2026-10-01T18:17:32.067584+00:00,2026-10-01T18:17:32.093602+00:00,"{""OMP_NUM_THREADS"": ""1"", ""OPENBLAS_NUM_THREADS"": ""1"", ""MKL_NUM_THREADS"": ""1"", ""VECLIB_MAXIMUM_THREADS"": ""1"", ""NUMEXPR_NUM_THREADS"": ""1""}",0,0.288784708995081,"{""load_average"": [4.5595703125, 4.072265625, 3.55029296875], ""Pages free"": 23275, ""Pages throttled"": 0, ""Pageouts"": 252555, ""Swapouts"": 1206130}","[4.5595703125, 4.072265625, 3.55029296875]"
172,10,250000,3,sqlite,join,warm,main,20261001,73129,"[4.5595703125, 4.072265625, 3.55029296875]","{""load_average"": [4.5595703125, 4.072265625, 3.55029296875], ""Pages free"": 23270, ""Pages throttled"": 0, ""Pageouts"": 252555, ""Swapouts"": 1206130}",True,0.075778458,0.07549799999999998,61145088,31834112,61177856,0.0436461249992135,0.00387625,0.107946792,0.078982792,4.8209e-05,8,0104f6aa03972640e0b632cfeb321caa0cfb49c858a4849d027924b885afa4ec,2026-10-01T18:17:32.183581+00:00,2026-10-01T18:17:32.452281+00:00,"{""OMP_NUM_THREADS"": ""1"", ""OPENBLAS_NUM_THREADS"": ""1"", ""MKL_NUM_THREADS"": ""1"", ""VECLIB_MAXIMUM_THREADS"": ""1"", ""NUMEXPR_NUM_THREADS"": ""1""}",0,0.3328756249975413,"{""load_average"": [4.5595703125, 4.072265625, 3.55029296875], ""Pages free"": 17351, ""Pages throttled"": 0, ""Pageouts"": 252555, ""Swapouts"": 1206130}","[4.5595703125, 4.072265625, 3.55029296875]"
173,10,250000,3,sqlite,group,cold,main,20261001,73129,"[4.5595703125, 4.072265625, 3.55029296875]","{""load_average"": [4.5595703125, 4.072265625, 3.55029296875], ""Pages free"": 17065, ""Pages throttled"": 0, ""Pageouts"": 252555, ""Swapouts"": 1206130}",True,0.167092,0.166226,61292544,31883264,61325312,0.04278633299691137,0.003930959,0.108264791,0.0,6.8709e-05,64,cb27f065f967c64d273dda7382a758429eae912833ec110b88dd344410074758,2026-10-01T18:17:32.523189+00:00,2026-10-01T18:17:32.690625+00:00,"{""OMP_NUM_THREADS"": ""1"", ""OPENBLAS_NUM_THREADS"": ""1"", ""MKL_NUM_THREADS"": ""1"", ""VECLIB_MAXIMUM_THREADS"": ""1"", ""NUMEXPR_NUM_THREADS"": ""1""}",0,0.23145445900445338,"{""load_average"": [4.5595703125, 4.072265625, 3.55029296875], ""Pages free"": 18364, ""Pages throttled"": 0, ""Pageouts"": 252555, ""Swapouts"": 1206130}","[4.5595703125, 4.072265625, 3.55029296875]"
174,10,250000,3,python,filter,cold,main,20261001,73129,"[4.5595703125, 4.072265625, 3.55029296875]","{""load_average"": [4.5595703125, 4.072265625, 3.55029296875], ""Pages free"": 18345, ""Pages throttled"": 0, ""Pageouts"": 252555, ""Swapouts"": 1206130}",True,0.042014875,0.04151,98435072,31850496,98598912,0.043734749997383915,0.004430042,0.022135042,0.0,0.006456417,28141,cdbab1e391e55021fa7b0416ef3d094bf777bc1af418dddee702665ba775535a,2026-10-01T18:17:32.762469+00:00,2026-10-01T18:17:32.811158+00:00,"{""OMP_NUM_THREADS"": ""1"", ""OPENBLAS_NUM_THREADS"": ""1"", ""MKL_NUM_THREADS"": ""1"", ""VECLIB_MAXIMUM_THREADS"": ""1"", ""NUMEXPR_NUM_THREADS"": ""1""}",0,0.12146816700260388,"{""load_average"": [4.5595703125, 4.072265625, 3.55029296875], ""Pages free"": 16904, ""Pages throttled"": 0, ""Pageouts"": 252555, ""Swapouts"": 1206130}","[4.5595703125, 4.072265625, 3.55029296875]"
175,10,250000,3,sqlite,filter,warm,main,20261001,73129,"[4.5595703125, 4.072265625, 3.55029296875]","{""load_average"": [4.5595703125, 4.072265625, 3.55029296875], ""Pages free"": 16874, ""Pages throttled"": 0, ""Pageouts"": 252555, ""Swapouts"": 1206130}",True,0.015287125,0.01527500000000001,55508992,31834112,55672832,0.045922500001324806,0.005078458,0.108005208,0.015510791,0.006523584,28141,cdbab1e391e55021fa7b0416ef3d094bf777bc1af418dddee702665ba775535a,2026-10-01T18:17:32.895389+00:00,2026-10-01T18:17:33.048246+00:00,"{""OMP_NUM_THREADS"": ""1"", ""OPENBLAS_NUM_THREADS"": ""1"", ""MKL_NUM_THREADS"": ""1"", ""VECLIB_MAXIMUM_THREADS"": ""1"", ""NUMEXPR_NUM_THREADS"": ""1""}",0,0.22035787500499282,"{""load_average"": [4.5595703125, 4.072265625, 3.55029296875], ""Pages free"": 16806, ""Pages throttled"": 0, ""Pageouts"": 252555, ""Swapouts"": 1206130}","[4.5595703125, 4.072265625, 3.55029296875]"
176,10,250000,3,python,join,warm,main,20261001,73129,"[4.5595703125, 4.072265625, 3.55029296875]","{""load_average"": [4.5595703125, 4.072265625, 3.55029296875], ""Pages free"": 16527, ""Pages throttled"": 0, ""Pageouts"": 252555, ""Swapouts"": 1206130}",True,0.026718333,0.026659000000000002,96894976,31981568,96944128,0.04560425000090618,0.004302959,0.022233791,0.025910833,5.3833e-05,8,0104f6aa03972640e0b632cfeb321caa0cfb49c858a4849d027924b885afa4ec,2026-10-01T18:17:33.123406+00:00,2026-10-01T18:17:33.215262+00:00,"{""OMP_NUM_THREADS"": ""1"", ""OPENBLAS_NUM_THREADS"": ""1"", ""MKL_NUM_THREADS"": ""1"", ""VECLIB_MAXIMUM_THREADS"": ""1"", ""NUMEXPR_NUM_THREADS"": ""1""}",0,0.16578420799487503,"{""load_average"": [4.5595703125, 4.072265625, 3.55029296875], ""Pages free"": 17126, ""Pages throttled"": 0, ""Pageouts"": 252555, ""Swapouts"": 1206130}","[4.5595703125, 4.072265625, 3.55029296875]"
177,10,250000,3,python,join,cold,main,20261001,73129,"[4.5595703125, 4.072265625, 3.55029296875]","{""load_average"": [4.5595703125, 4.072265625, 3.55029296875], ""Pages free"": 16841, ""Pages throttled"": 0, ""Pageouts"": 252555, ""Swapouts"": 1206130}",True,0.0517535,0.05116799999999999,96747520,31817728,96796672,0.04919529200560646,0.00410825,0.022006041,0.0,4.3458e-05,8,0104f6aa03972640e0b632cfeb321caa0cfb49c858a4849d027924b885afa4ec,2026-10-01T18:17:33.301402+00:00,2026-10-01T18:17:33.353417+00:00,"{""OMP_NUM_THREADS"": ""1"", ""OPENBLAS_NUM_THREADS"": ""1"", ""MKL_NUM_THREADS"": ""1"", ""VECLIB_MAXIMUM_THREADS"": ""1"", ""NUMEXPR_NUM_THREADS"": ""1""}",0,0.12984100000176113,"{""load_average"": [4.5595703125, 4.072265625, 3.55029296875], ""Pages free"": 16327, ""Pages throttled"": 0, ""Pageouts"": 252555, ""Swapouts"": 1206130}","[4.5595703125, 4.072265625, 3.55029296875]"
178,10,250000,3,pandas,group,cold,main,20261001,73129,"[4.5595703125, 4.072265625, 3.55029296875]","{""load_average"": [4.5595703125, 4.072265625, 3.55029296875], ""Pages free"": 16553, ""Pages throttled"": 0, ""Pageouts"": 252555, ""Swapouts"": 1206130}",True,0.005769125,0.005670999999999982,86278144,68927488,86310912,0.23636420899856603,0.002725958,0.000180708,0.0,4.0917e-05,64,cb27f065f967c64d273dda7382a758429eae912833ec110b88dd344410074758,2026-10-01T18:17:33.626555+00:00,2026-10-01T18:17:33.632756+00:00,"{""OMP_NUM_THREADS"": ""1"", ""OPENBLAS_NUM_THREADS"": ""1"", ""MKL_NUM_THREADS"": ""1"", ""VECLIB_MAXIMUM_THREADS"": ""1"", ""NUMEXPR_NUM_THREADS"": ""1""}",0,0.2790310420023161,"{""load_average"": [4.5595703125, 4.072265625, 3.55029296875], ""Pages free"": 17978, ""Pages throttled"": 0, ""Pageouts"": 252555, ""Swapouts"": 1206130}","[4.5595703125, 4.072265625, 3.55029296875]"
179,10,250000,3,pandas,join,cold,main,20261001,73129,"[4.5595703125, 4.072265625, 3.55029296875]","{""load_average"": [4.5595703125, 4.072265625, 3.55029296875], ""Pages free"": 17693, ""Pages throttled"": 0, ""Pageouts"": 252555, ""Swapouts"": 1206130}",True,0.013154542,0.013007999999999992,115212288,68894720,115245056,0.23174583399668336,0.002417292,0.000156958,0.0,2.6666e-05,8,0104f6aa03972640e0b632cfeb321caa0cfb49c858a4849d027924b885afa4ec,2026-10-01T18:17:33.908205+00:00,2026-10-01T18:17:33.921788+00:00,"{""OMP_NUM_THREADS"": ""1"", ""OPENBLAS_NUM_THREADS"": ""1"", ""MKL_NUM_THREADS"": ""1"", ""VECLIB_MAXIMUM_THREADS"": ""1"", ""NUMEXPR_NUM_THREADS"": ""1""}",0,0.28077495800243923,"{""load_average"": [4.5595703125, 4.072265625, 3.55029296875], ""Pages free"": 16844, ""Pages throttled"": 0, ""Pageouts"": 252555, ""Swapouts"": 1206130}","[4.5595703125, 4.072265625, 3.55029296875]"
180,10,250000,3,sqlite,filter,cold,main,20261001,73129,"[4.5595703125, 4.072265625, 3.55029296875]","{""load_average"": [4.5595703125, 4.072265625, 3.55029296875], ""Pages free"": 17071, ""Pages throttled"": 0, ""Pageouts"": 252555, ""Swapouts"": 1206130}",True,0.127519792,0.12657100000000002,55492608,31899648,55656448,0.048710000002756715,0.004320584,0.107692833,0.0,0.0065505,28141,cdbab1e391e55021fa7b0416ef3d094bf777bc1af418dddee702665ba775535a,2026-10-01T18:17:34.015322+00:00,2026-10-01T18:17:34.149616+00:00,"{""OMP_NUM_THREADS"": ""1"", ""OPENBLAS_NUM_THREADS"": ""1"", ""MKL_NUM_THREADS"": ""1"", ""VECLIB_MAXIMUM_THREADS"": ""1"", ""NUMEXPR_NUM_THREADS"": ""1""}",0,0.20489237499714363,"{""load_average"": [4.5595703125, 4.072265625, 3.55029296875], ""Pages free"": 17688, ""Pages throttled"": 0, ""Pageouts"": 252555, ""Swapouts"": 1206130}","[4.5595703125, 4.072265625, 3.55029296875]"
181,11,50000,1,sqlite,filter,cold,main,20261001,73129,"[4.5595703125, 4.072265625, 3.55029296875]","{""load_average"": [4.5595703125, 4.072265625, 3.55029296875], ""Pages free"": 17193, ""Pages throttled"": 0, ""Pageouts"": 252555, ""Swapouts"": 1206130}",True,0.029820792,0.029201999999999992,40599552,31916032,40632320,0.055594416000531055,0.003758583,0.022942625,0.0,0.001305708,5781,f47198486bdc455ede2ad23ea7b1c461fb64b372a429b4f82422af18e7279c8a,2026-10-01T18:17:35.260190+00:00,2026-10-01T18:17:35.291558+00:00,"{""OMP_NUM_THREADS"": ""1"", ""OPENBLAS_NUM_THREADS"": ""1"", ""MKL_NUM_THREADS"": ""1"", ""VECLIB_MAXIMUM_THREADS"": ""1"", ""NUMEXPR_NUM_THREADS"": ""1""}",0,0.12062595899624284,"{""load_average"": [4.5595703125, 4.072265625, 3.55029296875], ""Pages free"": 16032, ""Pages throttled"": 0, ""Pageouts"": 252555, ""Swapouts"": 1206130}","[4.5595703125, 4.072265625, 3.55029296875]"
182,11,50000,1,python,filter,cold,main,20261001,73129,"[4.5595703125, 4.072265625, 3.55029296875]","{""load_average"": [4.5595703125, 4.072265625, 3.55029296875], ""Pages free"": 16012, ""Pages throttled"": 0, ""Pageouts"": 252555, ""Swapouts"": 1206130}",True,0.011467917,0.010772999999999998,46301184,31932416,46448640,0.04867504200228723,0.003044125,0.005655542,0.0,0.001340375,5781,f47198486bdc455ede2ad23ea7b1c461fb64b372a429b4f82422af18e7279c8a,2026-10-01T18:17:35.372240+00:00,2026-10-01T18:17:35.385365+00:00,"{""OMP_NUM_THREADS"": ""1"", ""OPENBLAS_NUM_THREADS"": ""1"", ""MKL_NUM_THREADS"": ""1"", ""VECLIB_MAXIMUM_THREADS"": ""1"", ""NUMEXPR_NUM_THREADS"": ""1""}",0,0.08640804199967533,"{""load_average"": [4.5595703125, 4.072265625, 3.55029296875], ""Pages free"": 15803, ""Pages throttled"": 0, ""Pageouts"": 252555, ""Swapouts"": 1206130}","[4.5595703125, 4.072265625, 3.55029296875]"
183,11,50000,1,python,filter,warm,main,20261001,73129,"[4.5595703125, 4.072265625, 3.55029296875]","{""load_average"": [4.5595703125, 4.072265625, 3.55029296875], ""Pages free"": 15797, ""Pages throttled"": 0, ""Pageouts"": 252555, ""Swapouts"": 1206130}",True,0.001223125,0.0012300000000000089,46235648,31883264,46366720,0.047403374999703374,0.003182458,0.004453417,0.002667083,0.001365542,5781,f47198486bdc455ede2ad23ea7b1c461fb64b372a429b4f82422af18e7279c8a,2026-10-01T18:17:35.465891+00:00,2026-10-01T18:17:35.483114+00:00,"{""OMP_NUM_THREADS"": ""1"", ""OPENBLAS_NUM_THREADS"": ""1"", ""MKL_NUM_THREADS"": ""1"", ""VECLIB_MAXIMUM_THREADS"": ""1"", ""NUMEXPR_NUM_THREADS"": ""1""}",0,0.08748424999794224,"{""load_average"": [4.5595703125, 4.072265625, 3.55029296875], ""Pages free"": 15936, ""Pages throttled"": 0, ""Pageouts"": 252555, ""Swapouts"": 1206130}","[4.5595703125, 4.072265625, 3.55029296875]"
184,11,50000,1,sqlite,group,warm,main,20261001,73129,"[4.5595703125, 4.072265625, 3.55029296875]","{""load_average"": [4.5595703125, 4.072265625, 3.55029296875], ""Pages free"": 15651, ""Pages throttled"": 0, ""Pageouts"": 252555, ""Swapouts"": 1206130}",True,0.009292208,0.009299000000000002,41893888,31850496,41926656,0.04650075000245124,0.002925666,0.022637917,0.009762292,4.7625e-05,64,d73d866c062f1a4202f13fde4d54860ff7c8007107f26300fb8c901717c2d21c,2026-10-01T18:17:35.560827+00:00,2026-10-01T18:17:35.607396+00:00,"{""OMP_NUM_THREADS"": ""1"", ""OPENBLAS_NUM_THREADS"": ""1"", ""MKL_NUM_THREADS"": ""1"", ""VECLIB_MAXIMUM_THREADS"": ""1"", ""NUMEXPR_NUM_THREADS"": ""1""}",0,0.11290070899849525,"{""load_average"": [4.5595703125, 4.072265625, 3.55029296875], ""Pages free"": 16110, ""Pages throttled"": 0, ""Pageouts"": 252555, ""Swapouts"": 1206130}","[4.5595703125, 4.072265625, 3.55029296875]"
185,11,50000,1,python,join,cold,main,20261001,73129,"[4.5595703125, 4.072265625, 3.55029296875]","{""load_average"": [4.5595703125, 4.072265625, 3.55029296875], ""Pages free"": 16085, ""Pages throttled"": 0, ""Pageouts"": 252555, ""Swapouts"": 1206130}",True,0.012189417,0.011709000000000004,46252032,31916032,46284800,0.043051416003436316,0.002961417,0.004181333,0.0,2.6042e-05,8,3c94ae85159a6c617114341bec5aeec8395161e57722793a681f69308b4e8ff6,2026-10-01T18:17:35.681378+00:00,2026-10-01T18:17:35.693820+00:00,"{""OMP_NUM_THREADS"": ""1"", ""OPENBLAS_NUM_THREADS"": ""1"", ""MKL_NUM_THREADS"": ""1"", ""VECLIB_MAXIMUM_THREADS"": ""1"", ""NUMEXPR_NUM_THREADS"": ""1""}",0,0.0808872080015135,"{""load_average"": [4.5595703125, 4.072265625, 3.55029296875], ""Pages free"": 16668, ""Pages throttled"": 0, ""Pageouts"": 252555, ""Swapouts"": 1206130}","[4.5595703125, 4.072265625, 3.55029296875]"
186,11,50000,1,sqlite,filter,warm,main,20261001,73129,"[4.5595703125, 4.072265625, 3.55029296875]","{""load_average"": [4.5595703125, 4.072265625, 3.55029296875], ""Pages free"": 16646, ""Pages throttled"": 0, ""Pageouts"": 252555, ""Swapouts"": 1206130}",True,0.003085417,0.0030889999999999945,40615936,31866880,40648704,0.04852091700013261,0.002941375,0.023042708,0.003111375,0.001301375,5781,f47198486bdc455ede2ad23ea7b1c461fb64b372a429b4f82422af18e7279c8a,2026-10-01T18:17:35.772194+00:00,2026-10-01T18:17:35.807698+00:00,"{""OMP_NUM_THREADS"": ""1"", ""OPENBLAS_NUM_THREADS"": ""1"", ""MKL_NUM_THREADS"": ""1"", ""VECLIB_MAXIMUM_THREADS"": ""1"", ""NUMEXPR_NUM_THREADS"": ""1""}",0,0.10486812500312226,"{""load_average"": [4.5595703125, 4.072265625, 3.55029296875], ""Pages free"": 15285, ""Pages throttled"": 0, ""Pageouts"": 252555, ""Swapouts"": 1206130}","[4.5595703125, 4.072265625, 3.55029296875]"
187,11,50000,1,sqlite,join,cold,main,20261001,73129,"[4.5595703125, 4.072265625, 3.55029296875]","{""load_average"": [4.5595703125, 4.072265625, 3.55029296875], ""Pages free"": 15275, ""Pages throttled"": 0, ""Pageouts"": 252555, ""Swapouts"": 1206130}",True,0.041059166,0.039929,41664512,31784960,41697280,0.04699383299885085,0.003106375,0.023028916,0.0,4.6542e-05,8,3c94ae85159a6c617114341bec5aeec8395161e57722793a681f69308b4e8ff6,2026-10-01T18:17:35.883158+00:00,2026-10-01T18:17:35.924538+00:00,"{""OMP_NUM_THREADS"": ""1"", ""OPENBLAS_NUM_THREADS"": ""1"", ""MKL_NUM_THREADS"": ""1"", ""VECLIB_MAXIMUM_THREADS"": ""1"", ""NUMEXPR_NUM_THREADS"": ""1""}",0,0.10915612499957206,"{""load_average"": [4.5595703125, 4.072265625, 3.55029296875], ""Pages free"": 15462, ""Pages throttled"": 0, ""Pageouts"": 252555, ""Swapouts"": 1206130}","[4.5595703125, 4.072265625, 3.55029296875]"
188,11,50000,1,sqlite,group,cold,main,20261001,73129,"[4.5595703125, 4.072265625, 3.55029296875]","{""load_average"": [4.5595703125, 4.072265625, 3.55029296875], ""Pages free"": 15436, ""Pages throttled"": 0, ""Pageouts"": 252555, ""Swapouts"": 1206130}",True,0.034868416,0.034147000000000004,41713664,31817728,41762816,0.048427499998069834,0.002740083,0.022498333,0.0,5.0041e-05,64,d73d866c062f1a4202f13fde4d54860ff7c8007107f26300fb8c901717c2d21c,2026-10-01T18:17:36.002301+00:00,2026-10-01T18:17:36.037467+00:00,"{""OMP_NUM_THREADS"": ""1"", ""OPENBLAS_NUM_THREADS"": ""1"", ""MKL_NUM_THREADS"": ""1"", ""VECLIB_MAXIMUM_THREADS"": ""1"", ""NUMEXPR_NUM_THREADS"": ""1""}",0,0.10418816699529998,"{""load_average"": [4.5595703125, 4.072265625, 3.55029296875], ""Pages free"": 17143, ""Pages throttled"": 0, ""Pageouts"": 252555, ""Swapouts"": 1206130}","[4.5595703125, 4.072265625, 3.55029296875]"
189,11,50000,1,pandas,filter,cold,main,20261001,73129,"[4.5595703125, 4.072265625, 3.55029296875]","{""load_average"": [4.5595703125, 4.072265625, 3.55029296875], ""Pages free"": 17117, ""Pages throttled"": 0, ""Pageouts"": 252555, ""Swapouts"": 1206130}",True,0.003158375,0.002916000000000002,73302016,68943872,73482240,0.24005333300010534,0.001223125,0.000174958,0.0,0.001540125,5781,f47198486bdc455ede2ad23ea7b1c461fb64b372a429b4f82422af18e7279c8a,2026-10-01T18:17:36.308013+00:00,2026-10-01T18:17:36.313185+00:00,"{""OMP_NUM_THREADS"": ""1"", ""OPENBLAS_NUM_THREADS"": ""1"", ""MKL_NUM_THREADS"": ""1"", ""VECLIB_MAXIMUM_THREADS"": ""1"", ""NUMEXPR_NUM_THREADS"": ""1""}",0,0.2830486250022659,"{""load_average"": [4.5595703125, 4.072265625, 3.55029296875], ""Pages free"": 16593, ""Pages throttled"": 0, ""Pageouts"": 252555, ""Swapouts"": 1206130}","[4.5595703125, 4.072265625, 3.55029296875]"
190,11,50000,1,python,group,cold,main,20261001,73129,"[4.5595703125, 4.072265625, 3.55029296875]","{""load_average"": [4.5595703125, 4.072265625, 3.55029296875], ""Pages free"": 16570, ""Pages throttled"": 0, ""Pageouts"": 252555, ""Swapouts"": 1206130}",True,0.010795167,0.010275,46284800,31965184,46317568,0.05028037499869242,0.002573375,0.004551125,0.0,5.5458e-05,64,d73d866c062f1a4202f13fde4d54860ff7c8007107f26300fb8c901717c2d21c,2026-10-01T18:17:36.408830+00:00,2026-10-01T18:17:36.419968+00:00,"{""OMP_NUM_THREADS"": ""1"", ""OPENBLAS_NUM_THREADS"": ""1"", ""MKL_NUM_THREADS"": ""1"", ""VECLIB_MAXIMUM_THREADS"": ""1"", ""NUMEXPR_NUM_THREADS"": ""1""}",0,0.08362733299873071,"{""load_average"": [4.5595703125, 4.072265625, 3.55029296875], ""Pages free"": 16108, ""Pages throttled"": 0, ""Pageouts"": 252555, ""Swapouts"": 1206130}","[4.5595703125, 4.072265625, 3.55029296875]"
191,11,50000,1,sqlite,join,warm,main,20261001,73129,"[4.5595703125, 4.072265625, 3.55029296875]","{""load_average"": [4.5595703125, 4.072265625, 3.55029296875], ""Pages free"": 16079, ""Pages throttled"": 0, ""Pageouts"": 252555, ""Swapouts"": 1206130}",True,0.015056875,0.014972,41910272,31965184,41959424,0.046927958996093366,0.002728666,0.022685417,0.014940458,4.275e-05,8,3c94ae85159a6c617114341bec5aeec8395161e57722793a681f69308b4e8ff6,2026-10-01T18:17:36.497029+00:00,2026-10-01T18:17:36.554494+00:00,"{""OMP_NUM_THREADS"": ""1"", ""OPENBLAS_NUM_THREADS"": ""1"", ""MKL_NUM_THREADS"": ""1"", ""VECLIB_MAXIMUM_THREADS"": ""1"", ""NUMEXPR_NUM_THREADS"": ""1""}",0,0.12462262500048382,"{""load_average"": [4.5595703125, 4.072265625, 3.55029296875], ""Pages free"": 15814, ""Pages throttled"": 0, ""Pageouts"": 252555, ""Swapouts"": 1206130}","[4.5595703125, 4.072265625, 3.55029296875]"
192,11,50000,1,pandas,join,warm,main,20261001,73129,"[4.5595703125, 4.072265625, 3.55029296875]","{""load_average"": [4.5595703125, 4.072265625, 3.55029296875], ""Pages free"": 16040, ""Pages throttled"": 0, ""Pageouts"": 252555, ""Swapouts"": 1206130}",True,0.002778,0.0027379999999999904,76955648,68927488,76988416,0.2511486670045997,0.001065458,0.000152667,0.002899875,4.4125e-05,8,3c94ae85159a6c617114341bec5aeec8395161e57722793a681f69308b4e8ff6,2026-10-01T18:17:36.834089+00:00,2026-10-01T18:17:36.846856+00:00,"{""OMP_NUM_THREADS"": ""1"", ""OPENBLAS_NUM_THREADS"": ""1"", ""MKL_NUM_THREADS"": ""1"", ""VECLIB_MAXIMUM_THREADS"": ""1"", ""NUMEXPR_NUM_THREADS"": ""1""}",0,0.30231579200335545,"{""load_average"": [4.7548828125, 4.12060546875, 3.5703125], ""Pages free"": 9981, ""Pages throttled"": 0, ""Pageouts"": 252555, ""Swapouts"": 1206130}","[4.7548828125, 4.12060546875, 3.5703125]"
193,11,50000,1,pandas,group,warm,main,20261001,73129,"[4.7548828125, 4.12060546875, 3.5703125]","{""load_average"": [4.7548828125, 4.12060546875, 3.5703125], ""Pages free"": 9947, ""Pages throttled"": 0, ""Pageouts"": 252555, ""Swapouts"": 1206130}",True,0.000890709,0.0008949999999999791,72892416,69042176,72925184,0.2300946660034242,0.001083042,0.000142333,0.001153583,4.3542e-05,64,d73d866c062f1a4202f13fde4d54860ff7c8007107f26300fb8c901717c2d21c,2026-10-01T18:17:37.122414+00:00,2026-10-01T18:17:37.131461+00:00,"{""OMP_NUM_THREADS"": ""1"", ""OPENBLAS_NUM_THREADS"": ""1"", ""MKL_NUM_THREADS"": ""1"", ""VECLIB_MAXIMUM_THREADS"": ""1"", ""NUMEXPR_NUM_THREADS"": ""1""}",0,0.2760493750029127,"{""load_average"": [4.7548828125, 4.12060546875, 3.5703125], ""Pages free"": 10608, ""Pages throttled"": 0, ""Pageouts"": 252555, ""Swapouts"": 1206130}","[4.7548828125, 4.12060546875, 3.5703125]"
194,11,50000,1,pandas,filter,warm,main,20261001,73129,"[4.7548828125, 4.12060546875, 3.5703125]","{""load_average"": [4.7548828125, 4.12060546875, 3.5703125], ""Pages free"": 10579, ""Pages throttled"": 0, ""Pageouts"": 252555, ""Swapouts"": 1206130}",True,0.001386375,0.0013340000000000019,73252864,68927488,73416704,0.24084479099838063,0.001054125,0.000159458,0.001902292,0.001422417,5781,f47198486bdc455ede2ad23ea7b1c461fb64b372a429b4f82422af18e7279c8a,2026-10-01T18:17:37.418939+00:00,2026-10-01T18:17:37.430397+00:00,"{""OMP_NUM_THREADS"": ""1"", ""OPENBLAS_NUM_THREADS"": ""1"", ""MKL_NUM_THREADS"": ""1"", ""VECLIB_MAXIMUM_THREADS"": ""1"", ""NUMEXPR_NUM_THREADS"": ""1""}",0,0.289324833000137,"{""load_average"": [4.7548828125, 4.12060546875, 3.5703125], ""Pages free"": 9064, ""Pages throttled"": 0, ""Pageouts"": 252555, ""Swapouts"": 1206130}","[4.7548828125, 4.12060546875, 3.5703125]"
195,11,50000,1,python,group,warm,main,20261001,73129,"[4.7548828125, 4.12060546875, 3.5703125]","{""load_average"": [4.7548828125, 4.12060546875, 3.5703125], ""Pages free"": 9034, ""Pages throttled"": 0, ""Pageouts"": 252555, ""Swapouts"": 1206130}",True,0.003692,0.003696000000000005,46153728,31801344,46186496,0.04813754199858522,0.002908625,0.004739917,0.003787916,5.7084e-05,64,d73d866c062f1a4202f13fde4d54860ff7c8007107f26300fb8c901717c2d21c,2026-10-01T18:17:37.522349+00:00,2026-10-01T18:17:37.541031+00:00,"{""OMP_NUM_THREADS"": ""1"", ""OPENBLAS_NUM_THREADS"": ""1"", ""MKL_NUM_THREADS"": ""1"", ""VECLIB_MAXIMUM_THREADS"": ""1"", ""NUMEXPR_NUM_THREADS"": ""1""}",0,0.08955745799903525,"{""load_average"": [4.7548828125, 4.12060546875, 3.5703125], ""Pages free"": 8779, ""Pages throttled"": 0, ""Pageouts"": 252555, ""Swapouts"": 1206130}","[4.7548828125, 4.12060546875, 3.5703125]"
196,11,50000,1,pandas,join,cold,main,20261001,73129,"[4.7548828125, 4.12060546875, 3.5703125]","{""load_average"": [4.7548828125, 4.12060546875, 3.5703125], ""Pages free"": 8756, ""Pages throttled"": 0, ""Pageouts"": 252555, ""Swapouts"": 1206130}",True,0.005027292,0.004749000000000003,76939264,68927488,76972032,0.2389055419989745,0.00136075,0.000175083,0.0,3.2375e-05,8,3c94ae85159a6c617114341bec5aeec8395161e57722793a681f69308b4e8ff6,2026-10-01T18:17:37.810577+00:00,2026-10-01T18:17:37.816041+00:00,"{""OMP_NUM_THREADS"": ""1"", ""OPENBLAS_NUM_THREADS"": ""1"", ""MKL_NUM_THREADS"": ""1"", ""VECLIB_MAXIMUM_THREADS"": ""1"", ""NUMEXPR_NUM_THREADS"": ""1""}",0,0.28259799999796087,"{""load_average"": [4.7548828125, 4.12060546875, 3.5703125], ""Pages free"": 7136, ""Pages throttled"": 0, ""Pageouts"": 252587, ""Swapouts"": 1206130}","[4.7548828125, 4.12060546875, 3.5703125]"
197,11,50000,1,pandas,group,cold,main,20261001,73129,"[4.7548828125, 4.12060546875, 3.5703125]","{""load_average"": [4.7548828125, 4.12060546875, 3.5703125], ""Pages free"": 7376, ""Pages throttled"": 0, ""Pageouts"": 252587, ""Swapouts"": 1206130}",True,0.0025325,0.002365000000000006,72843264,68993024,72876032,0.23931983299553394,0.001173792,0.000179333,0.0,3.8833e-05,64,d73d866c062f1a4202f13fde4d54860ff7c8007107f26300fb8c901717c2d21c,2026-10-01T18:17:38.103099+00:00,2026-10-01T18:17:38.105985+00:00,"{""OMP_NUM_THREADS"": ""1"", ""OPENBLAS_NUM_THREADS"": ""1"", ""MKL_NUM_THREADS"": ""1"", ""VECLIB_MAXIMUM_THREADS"": ""1"", ""NUMEXPR_NUM_THREADS"": ""1""}",0,0.279957499995362,"{""load_average"": [4.7548828125, 4.12060546875, 3.5703125], ""Pages free"": 7025, ""Pages throttled"": 0, ""Pageouts"": 252587, ""Swapouts"": 1206130}","[4.7548828125, 4.12060546875, 3.5703125]"
198,11,50000,1,python,join,warm,main,20261001,73129,"[4.7548828125, 4.12060546875, 3.5703125]","{""load_average"": [4.7548828125, 4.12060546875, 3.5703125], ""Pages free"": 7251, ""Pages throttled"": 0, ""Pageouts"": 252587, ""Swapouts"": 1206130}",True,0.005317083,0.005322000000000007,46268416,31916032,46301184,0.04820008399838116,0.003221416,0.004259667,0.005443542,4.475e-05,8,3c94ae85159a6c617114341bec5aeec8395161e57722793a681f69308b4e8ff6,2026-10-01T18:17:38.200631+00:00,2026-10-01T18:17:38.222917+00:00,"{""OMP_NUM_THREADS"": ""1"", ""OPENBLAS_NUM_THREADS"": ""1"", ""MKL_NUM_THREADS"": ""1"", ""VECLIB_MAXIMUM_THREADS"": ""1"", ""NUMEXPR_NUM_THREADS"": ""1""}",0,0.09445333299663616,"{""load_average"": [4.7548828125, 4.12060546875, 3.5703125], ""Pages free"": 7501, ""Pages throttled"": 0, ""Pageouts"": 252587, ""Swapouts"": 1206130}","[4.7548828125, 4.12060546875, 3.5703125]"
199,12,250000,4,pandas,join,cold,main,20261001,73129,"[4.7548828125, 4.12060546875, 3.5703125]","{""load_average"": [4.7548828125, 4.12060546875, 3.5703125], ""Pages free"": 5891, ""Pages throttled"": 0, ""Pageouts"": 252587, ""Swapouts"": 1206130}",True,0.016282083,0.015740000000000004,115245056,68960256,115277824,0.25495379099447746,0.002769417,0.000170541,0.0,3.0542e-05,8,0104f6aa03972640e0b632cfeb321caa0cfb49c858a4849d027924b885afa4ec,2026-10-01T18:17:39.534053+00:00,2026-10-01T18:17:39.550828+00:00,"{""OMP_NUM_THREADS"": ""1"", ""OPENBLAS_NUM_THREADS"": ""1"", ""MKL_NUM_THREADS"": ""1"", ""VECLIB_MAXIMUM_THREADS"": ""1"", ""NUMEXPR_NUM_THREADS"": ""1""}",0,0.32475629200052936,"{""load_average"": [4.7548828125, 4.12060546875, 3.5703125], ""Pages free"": 9625, ""Pages throttled"": 0, ""Pageouts"": 252587, ""Swapouts"": 1206130}","[4.7548828125, 4.12060546875, 3.5703125]"
200,12,250000,4,sqlite,filter,cold,main,20261001,73129,"[4.7548828125, 4.12060546875, 3.5703125]","{""load_average"": [4.7548828125, 4.12060546875, 3.5703125], ""Pages free"": 9852, ""Pages throttled"": 0, ""Pageouts"": 252587, ""Swapouts"": 1206130}",True,0.131440709,0.129818,55459840,31883264,55623680,0.047341917001176625,0.004626084,0.111212333,0.0,0.006312417,28141,cdbab1e391e55021fa7b0416ef3d094bf777bc1af418dddee702665ba775535a,2026-10-01T18:17:39.650446+00:00,2026-10-01T18:17:39.788458+00:00,"{""OMP_NUM_THREADS"": ""1"", ""OPENBLAS_NUM_THREADS"": ""1"", ""MKL_NUM_THREADS"": ""1"", ""VECLIB_MAXIMUM_THREADS"": ""1"", ""NUMEXPR_NUM_THREADS"": ""1""}",0,0.20834545799880289,"{""load_average"": [4.7548828125, 4.12060546875, 3.5703125], ""Pages free"": 9360, ""Pages throttled"": 0, ""Pageouts"": 252587, ""Swapouts"": 1206130}","[4.7548828125, 4.12060546875, 3.5703125]"
201,12,250000,4,python,filter,warm,main,20261001,73129,"[4.7548828125, 4.12060546875, 3.5703125]","{""load_average"": [4.7548828125, 4.12060546875, 3.5703125], ""Pages free"": 9615, ""Pages throttled"": 0, ""Pageouts"": 252587, ""Swapouts"": 1206130}",True,0.006255792,0.006258,98451456,31866880,98615296,0.04629929200018523,0.004532375,0.022227792,0.016454916,0.006799541,28141,cdbab1e391e55021fa7b0416ef3d094bf777bc1af418dddee702665ba775535a,2026-10-01T18:17:39.864111+00:00,2026-10-01T18:17:39.933871+00:00,"{""OMP_NUM_THREADS"": ""1"", ""OPENBLAS_NUM_THREADS"": ""1"", ""MKL_NUM_THREADS"": ""1"", ""VECLIB_MAXIMUM_THREADS"": ""1"", ""NUMEXPR_NUM_THREADS"": ""1""}",0,0.1462987080012681,"{""load_average"": [4.7548828125, 4.12060546875, 3.5703125], ""Pages free"": 10189, ""Pages throttled"": 0, ""Pageouts"": 252587, ""Swapouts"": 1206130}","[4.7548828125, 4.12060546875, 3.5703125]"
202,12,250000,4,sqlite,group,warm,main,20261001,73129,"[4.7548828125, 4.12060546875, 3.5703125]","{""load_average"": [4.7548828125, 4.12060546875, 3.5703125], ""Pages free"": 9911, ""Pages throttled"": 0, ""Pageouts"": 252587, ""Swapouts"": 1206130}",True,0.056771375,0.056341999999999975,61292544,31916032,61325312,0.04651058299350552,0.004101209,0.11001975,0.056696584,8.0625e-05,64,cb27f065f967c64d273dda7382a758429eae912833ec110b88dd344410074758,2026-10-01T18:17:40.019343+00:00,2026-10-01T18:17:40.249331+00:00,"{""OMP_NUM_THREADS"": ""1"", ""OPENBLAS_NUM_THREADS"": ""1"", ""MKL_NUM_THREADS"": ""1"", ""VECLIB_MAXIMUM_THREADS"": ""1"", ""NUMEXPR_NUM_THREADS"": ""1""}",0,0.2977848750015255,"{""load_average"": [4.7548828125, 4.12060546875, 3.5703125], ""Pages free"": 9850, ""Pages throttled"": 0, ""Pageouts"": 252587, ""Swapouts"": 1206130}","[4.7548828125, 4.12060546875, 3.5703125]"
203,12,250000,4,pandas,group,cold,main,20261001,73129,"[4.7548828125, 4.12060546875, 3.5703125]","{""load_average"": [4.7548828125, 4.12060546875, 3.5703125], ""Pages free"": 9826, ""Pages throttled"": 0, ""Pageouts"": 252587, ""Swapouts"": 1206130}",True,0.005716959,0.00554099999999999,86261760,68861952,86294528,0.24215333299798658,0.002695,0.000178334,0.0,4.0125e-05,64,cb27f065f967c64d273dda7382a758429eae912833ec110b88dd344410074758,2026-10-01T18:17:40.521379+00:00,2026-10-01T18:17:40.527480+00:00,"{""OMP_NUM_THREADS"": ""1"", ""OPENBLAS_NUM_THREADS"": ""1"", ""MKL_NUM_THREADS"": ""1"", ""VECLIB_MAXIMUM_THREADS"": ""1"", ""NUMEXPR_NUM_THREADS"": ""1""}",0,0.2862657500008936,"{""load_average"": [4.7548828125, 4.12060546875, 3.5703125], ""Pages free"": 9720, ""Pages throttled"": 0, ""Pageouts"": 252587, ""Swapouts"": 1206130}","[4.7548828125, 4.12060546875, 3.5703125]"
204,12,250000,4,pandas,filter,cold,main,20261001,73129,"[4.7548828125, 4.12060546875, 3.5703125]","{""load_average"": [4.7548828125, 4.12060546875, 3.5703125], ""Pages free"": 9952, ""Pages throttled"": 0, ""Pageouts"": 252587, ""Swapouts"": 1206130}",True,0.008296417,0.007961999999999997,88768512,68845568,88932352,0.2430626659988775,0.002694084,0.000195291,0.0,0.006801875,28141,cdbab1e391e55021fa7b0416ef3d094bf777bc1af418dddee702665ba775535a,2026-10-01T18:17:40.817190+00:00,2026-10-01T18:17:40.832708+00:00,"{""OMP_NUM_THREADS"": ""1"", ""OPENBLAS_NUM_THREADS"": ""1"", ""MKL_NUM_THREADS"": ""1"", ""VECLIB_MAXIMUM_THREADS"": ""1"", ""NUMEXPR_NUM_THREADS"": ""1""}",0,0.29710974999761675,"{""load_average"": [4.7548828125, 4.12060546875, 3.5703125], ""Pages free"": 9751, ""Pages throttled"": 0, ""Pageouts"": 252587, ""Swapouts"": 1206130}","[4.7548828125, 4.12060546875, 3.5703125]"
205,12,250000,4,python,filter,cold,main,20261001,73129,"[4.7548828125, 4.12060546875, 3.5703125]","{""load_average"": [4.7548828125, 4.12060546875, 3.5703125], ""Pages free"": 9729, ""Pages throttled"": 0, ""Pageouts"": 252587, ""Swapouts"": 1206130}",True,0.042938042,0.042112000000000004,98435072,31850496,98598912,0.04664287499326747,0.004683584,0.022781375,0.0,0.006369458,28141,cdbab1e391e55021fa7b0416ef3d094bf777bc1af418dddee702665ba775535a,2026-10-01T18:17:40.926284+00:00,2026-10-01T18:17:40.975793+00:00,"{""OMP_NUM_THREADS"": ""1"", ""OPENBLAS_NUM_THREADS"": ""1"", ""MKL_NUM_THREADS"": ""1"", ""VECLIB_MAXIMUM_THREADS"": ""1"", ""NUMEXPR_NUM_THREADS"": ""1""}",0,0.12657649999891873,"{""load_average"": [4.7548828125, 4.12060546875, 3.5703125], ""Pages free"": 11141, ""Pages throttled"": 0, ""Pageouts"": 252587, ""Swapouts"": 1206130}","[4.7548828125, 4.12060546875, 3.5703125]"
206,12,250000,4,python,join,cold,main,20261001,73129,"[4.7548828125, 4.12060546875, 3.5703125]","{""load_average"": [4.7548828125, 4.12060546875, 3.5703125], ""Pages free"": 11359, ""Pages throttled"": 0, ""Pageouts"": 252587, ""Swapouts"": 1206130}",True,0.053388416,0.05261300000000001,96780288,31850496,96813056,0.045336999995925,0.004504541,0.022696875,0.0,5.8e-05,8,0104f6aa03972640e0b632cfeb321caa0cfb49c858a4849d027924b885afa4ec,2026-10-01T18:17:41.059510+00:00,2026-10-01T18:17:41.113163+00:00,"{""OMP_NUM_THREADS"": ""1"", ""OPENBLAS_NUM_THREADS"": ""1"", ""MKL_NUM_THREADS"": ""1"", ""VECLIB_MAXIMUM_THREADS"": ""1"", ""NUMEXPR_NUM_THREADS"": ""1""}",0,0.12848516699887114,"{""load_average"": [4.7548828125, 4.12060546875, 3.5703125], ""Pages free"": 10080, ""Pages throttled"": 0, ""Pageouts"": 252587, ""Swapouts"": 1206130}","[4.7548828125, 4.12060546875, 3.5703125]"
207,12,250000,4,sqlite,group,cold,main,20261001,73129,"[4.7548828125, 4.12060546875, 3.5703125]","{""load_average"": [4.7548828125, 4.12060546875, 3.5703125], ""Pages free"": 9795, ""Pages throttled"": 0, ""Pageouts"": 252587, ""Swapouts"": 1206130}",True,0.169310875,0.16787999999999997,61194240,31817728,61227008,0.04711262499768054,0.0042325,0.109548459,0.0,6.4459e-05,64,cb27f065f967c64d273dda7382a758429eae912833ec110b88dd344410074758,2026-10-01T18:17:41.199008+00:00,2026-10-01T18:17:41.368670+00:00,"{""OMP_NUM_THREADS"": ""1"", ""OPENBLAS_NUM_THREADS"": ""1"", ""MKL_NUM_THREADS"": ""1"", ""VECLIB_MAXIMUM_THREADS"": ""1"", ""NUMEXPR_NUM_THREADS"": ""1""}",0,0.23887879100220744,"{""load_average"": [4.7548828125, 4.12060546875, 3.5703125], ""Pages free"": 9616, ""Pages throttled"": 0, ""Pageouts"": 252587, ""Swapouts"": 1206130}","[4.7548828125, 4.12060546875, 3.5703125]"
208,12,250000,4,pandas,filter,warm,main,20261001,73129,"[4.7548828125, 4.12060546875, 3.5703125]","{""load_average"": [4.7548828125, 4.12060546875, 3.5703125], ""Pages free"": 9584, ""Pages throttled"": 0, ""Pageouts"": 252587, ""Swapouts"": 1206130}",True,0.004451875,0.004453999999999986,88817664,68911104,88981504,0.2405588749970775,0.0026375,0.000164459,0.005523125,0.006700625,28141,cdbab1e391e55021fa7b0416ef3d094bf777bc1af418dddee702665ba775535a,2026-10-01T18:17:41.640302+00:00,2026-10-01T18:17:41.665683+00:00,"{""OMP_NUM_THREADS"": ""1"", ""OPENBLAS_NUM_THREADS"": ""1"", ""MKL_NUM_THREADS"": ""1"", ""VECLIB_MAXIMUM_THREADS"": ""1"", ""NUMEXPR_NUM_THREADS"": ""1""}",0,0.30494520800129976,"{""load_average"": [4.7548828125, 4.12060546875, 3.5703125], ""Pages free"": 9516, ""Pages throttled"": 0, ""Pageouts"": 252587, ""Swapouts"": 1206130}","[4.7548828125, 4.12060546875, 3.5703125]"
209,12,250000,4,pandas,join,warm,main,20261001,73129,"[4.7548828125, 4.12060546875, 3.5703125]","{""load_average"": [4.7548828125, 4.12060546875, 3.5703125], ""Pages free"": 9485, ""Pages throttled"": 0, ""Pageouts"": 252587, ""Swapouts"": 1206130}",True,0.007750208,0.007750000000000007,115359744,68976640,115392512,0.2379838330016355,0.002676666,0.000162792,0.010702792,3.8334e-05,8,0104f6aa03972640e0b632cfeb321caa0cfb49c858a4849d027924b885afa4ec,2026-10-01T18:17:41.951056+00:00,2026-10-01T18:17:41.977784+00:00,"{""OMP_NUM_THREADS"": ""1"", ""OPENBLAS_NUM_THREADS"": ""1"", ""MKL_NUM_THREADS"": ""1"", ""VECLIB_MAXIMUM_THREADS"": ""1"", ""NUMEXPR_NUM_THREADS"": ""1""}",0,0.3039581250050105,"{""load_average"": [4.5341796875, 4.0849609375, 3.56103515625], ""Pages free"": 10306, ""Pages throttled"": 0, ""Pageouts"": 252587, ""Swapouts"": 1206130}","[4.5341796875, 4.0849609375, 3.56103515625]"
210,12,250000,4,pandas,group,warm,main,20261001,73129,"[4.5341796875, 4.0849609375, 3.56103515625]","{""load_average"": [4.5341796875, 4.0849609375, 3.56103515625], ""Pages free"": 10275, ""Pages throttled"": 0, ""Pageouts"": 252587, ""Swapouts"": 1206130}",True,0.002208625,0.0022169999999999968,86278144,68927488,86310912,0.24202029099978972,0.002503333,0.000164333,0.003242333,4.65e-05,64,cb27f065f967c64d273dda7382a758429eae912833ec110b88dd344410074758,2026-10-01T18:17:42.267009+00:00,2026-10-01T18:17:42.282681+00:00,"{""OMP_NUM_THREADS"": ""1"", ""OPENBLAS_NUM_THREADS"": ""1"", ""MKL_NUM_THREADS"": ""1"", ""VECLIB_MAXIMUM_THREADS"": ""1"", ""NUMEXPR_NUM_THREADS"": ""1""}",0,0.29413329099770635,"{""load_average"": [4.5341796875, 4.0849609375, 3.56103515625], ""Pages free"": 9255, ""Pages throttled"": 0, ""Pageouts"": 252587, ""Swapouts"": 1206130}","[4.5341796875, 4.0849609375, 3.56103515625]"
211,12,250000,4,sqlite,join,warm,main,20261001,73129,"[4.5341796875, 4.0849609375, 3.56103515625]","{""load_average"": [4.5341796875, 4.0849609375, 3.56103515625], ""Pages free"": 9488, ""Pages throttled"": 0, ""Pageouts"": 252587, ""Swapouts"": 1206130}",True,0.076613291,0.07608700000000002,61227008,31932416,61259776,0.04946879199997056,0.004803208,0.109970125,0.077297084,4.2209e-05,8,0104f6aa03972640e0b632cfeb321caa0cfb49c858a4849d027924b885afa4ec,2026-10-01T18:17:42.377068+00:00,2026-10-01T18:17:42.647898+00:00,"{""OMP_NUM_THREADS"": ""1"", ""OPENBLAS_NUM_THREADS"": ""1"", ""MKL_NUM_THREADS"": ""1"", ""VECLIB_MAXIMUM_THREADS"": ""1"", ""NUMEXPR_NUM_THREADS"": ""1""}",0,0.34185237500059884,"{""load_average"": [4.5341796875, 4.0849609375, 3.56103515625], ""Pages free"": 11993, ""Pages throttled"": 0, ""Pageouts"": 252587, ""Swapouts"": 1206130}","[4.5341796875, 4.0849609375, 3.56103515625]"
212,12,250000,4,sqlite,filter,warm,main,20261001,73129,"[4.5341796875, 4.0849609375, 3.56103515625]","{""load_average"": [4.5341796875, 4.0849609375, 3.56103515625], ""Pages free"": 12218, ""Pages throttled"": 0, ""Pageouts"": 252587, ""Swapouts"": 1206130}",True,0.01552675,0.015456999999999999,55427072,31768576,55590912,0.048388167000666726,0.005063875,0.110365125,0.015523416,0.00661025,28141,cdbab1e391e55021fa7b0416ef3d094bf777bc1af418dddee702665ba775535a,2026-10-01T18:17:42.726501+00:00,2026-10-01T18:17:42.882271+00:00,"{""OMP_NUM_THREADS"": ""1"", ""OPENBLAS_NUM_THREADS"": ""1"", ""MKL_NUM_THREADS"": ""1"", ""VECLIB_MAXIMUM_THREADS"": ""1"", ""NUMEXPR_NUM_THREADS"": ""1""}",0,0.22578470799635397,"{""load_average"": [4.5341796875, 4.0849609375, 3.56103515625], ""Pages free"": 10784, ""Pages throttled"": 0, ""Pageouts"": 252587, ""Swapouts"": 1206130}","[4.5341796875, 4.0849609375, 3.56103515625]"
213,12,250000,4,sqlite,join,cold,main,20261001,73129,"[4.5341796875, 4.0849609375, 3.56103515625]","{""load_average"": [4.5341796875, 4.0849609375, 3.56103515625], ""Pages free"": 10760, ""Pages throttled"": 0, ""Pageouts"": 252587, ""Swapouts"": 1206130}",True,0.191186458,0.18970700000000001,61259776,31916032,61292544,0.048114208002516534,0.004481042,0.10944175,0.0,4.6917e-05,8,0104f6aa03972640e0b632cfeb321caa0cfb49c858a4849d027924b885afa4ec,2026-10-01T18:17:42.961516+00:00,2026-10-01T18:17:43.153004+00:00,"{""OMP_NUM_THREADS"": ""1"", ""OPENBLAS_NUM_THREADS"": ""1"", ""MKL_NUM_THREADS"": ""1"", ""VECLIB_MAXIMUM_THREADS"": ""1"", ""NUMEXPR_NUM_THREADS"": ""1""}",0,0.2621513749982114,"{""load_average"": [4.5341796875, 4.0849609375, 3.56103515625], ""Pages free"": 10997, ""Pages throttled"": 0, ""Pageouts"": 252587, ""Swapouts"": 1206130}","[4.5341796875, 4.0849609375, 3.56103515625]"
214,12,250000,4,python,group,warm,main,20261001,73129,"[4.5341796875, 4.0849609375, 3.56103515625]","{""load_average"": [4.5341796875, 4.0849609375, 3.56103515625], ""Pages free"": 10971, ""Pages throttled"": 0, ""Pageouts"": 252587, ""Swapouts"": 1206130}",True,0.018334,0.01827799999999999,96780288,31850496,96829440,0.04837941699952353,0.004519791,0.021994459,0.018617958,5.95e-05,64,cb27f065f967c64d273dda7382a758429eae912833ec110b88dd344410074758,2026-10-01T18:17:43.232725+00:00,2026-10-01T18:17:43.308831+00:00,"{""OMP_NUM_THREADS"": ""1"", ""OPENBLAS_NUM_THREADS"": ""1"", ""MKL_NUM_THREADS"": ""1"", ""VECLIB_MAXIMUM_THREADS"": ""1"", ""NUMEXPR_NUM_THREADS"": ""1""}",0,0.15458616600517416,"{""load_average"": [4.5341796875, 4.0849609375, 3.56103515625], ""Pages free"": 10442, ""Pages throttled"": 0, ""Pageouts"": 252587, ""Swapouts"": 1206130}","[4.5341796875, 4.0849609375, 3.56103515625]"
215,12,250000,4,python,group,cold,main,20261001,73129,"[4.5341796875, 4.0849609375, 3.56103515625]","{""load_average"": [4.5341796875, 4.0849609375, 3.56103515625], ""Pages free"": 10668, ""Pages throttled"": 0, ""Pageouts"": 252587, ""Swapouts"": 1206130}",True,0.045635209,0.044755,96763904,31817728,96796672,0.04848895800387254,0.004955417,0.022463458,0.0,5.8959e-05,64,cb27f065f967c64d273dda7382a758429eae912833ec110b88dd344410074758,2026-10-01T18:17:43.395682+00:00,2026-10-01T18:17:43.441611+00:00,"{""OMP_NUM_THREADS"": ""1"", ""OPENBLAS_NUM_THREADS"": ""1"", ""MKL_NUM_THREADS"": ""1"", ""VECLIB_MAXIMUM_THREADS"": ""1"", ""NUMEXPR_NUM_THREADS"": ""1""}",0,0.12374099999578902,"{""load_average"": [4.5341796875, 4.0849609375, 3.56103515625], ""Pages free"": 11056, ""Pages throttled"": 0, ""Pageouts"": 252587, ""Swapouts"": 1206130}","[4.5341796875, 4.0849609375, 3.56103515625]"
216,12,250000,4,python,join,warm,main,20261001,73129,"[4.5341796875, 4.0849609375, 3.56103515625]","{""load_average"": [4.5341796875, 4.0849609375, 3.56103515625], ""Pages free"": 11027, ""Pages throttled"": 0, ""Pageouts"": 252587, ""Swapouts"": 1206130}",True,0.026984375,0.026862999999999998,96813056,31850496,96845824,0.048310375001165085,0.004953375,0.02228975,0.026106708,4.0542e-05,8,0104f6aa03972640e0b632cfeb321caa0cfb49c858a4849d027924b885afa4ec,2026-10-01T18:17:43.528469+00:00,2026-10-01T18:17:43.621527+00:00,"{""OMP_NUM_THREADS"": ""1"", ""OPENBLAS_NUM_THREADS"": ""1"", ""MKL_NUM_THREADS"": ""1"", ""VECLIB_MAXIMUM_THREADS"": ""1"", ""NUMEXPR_NUM_THREADS"": ""1""}",0,0.17166204100067262,"{""load_average"": [4.5341796875, 4.0849609375, 3.56103515625], ""Pages free"": 11070, ""Pages throttled"": 0, ""Pageouts"": 252587, ""Swapouts"": 1206130}","[4.5341796875, 4.0849609375, 3.56103515625]"
217,13,250000,2,sqlite,group,cold,main,20261001,73129,"[4.5341796875, 4.0849609375, 3.56103515625]","{""load_average"": [4.5341796875, 4.0849609375, 3.56103515625], ""Pages free"": 11546, ""Pages throttled"": 0, ""Pageouts"": 252587, ""Swapouts"": 1206130}",True,0.177841834,0.175966,61358080,31916032,61390848,0.050857582995377015,0.005882459,0.110936291,0.0,7.9125e-05,64,cb27f065f967c64d273dda7382a758429eae912833ec110b88dd344410074758,2026-10-01T18:17:44.727099+00:00,2026-10-01T18:17:44.905243+00:00,"{""OMP_NUM_THREADS"": ""1"", ""OPENBLAS_NUM_THREADS"": ""1"", ""MKL_NUM_THREADS"": ""1"", ""VECLIB_MAXIMUM_THREADS"": ""1"", ""NUMEXPR_NUM_THREADS"": ""1""}",0,0.25758554200001527,"{""load_average"": [4.5341796875, 4.0849609375, 3.56103515625], ""Pages free"": 11760, ""Pages throttled"": 0, ""Pageouts"": 252587, ""Swapouts"": 1206130}","[4.5341796875, 4.0849609375, 3.56103515625]"
218,13,250000,2,sqlite,filter,warm,main,20261001,73129,"[4.5341796875, 4.0849609375, 3.56103515625]","{""load_average"": [4.5341796875, 4.0849609375, 3.56103515625], ""Pages free"": 11996, ""Pages throttled"": 0, ""Pageouts"": 252587, ""Swapouts"": 1206130}",True,0.015484083,0.015399999999999997,55492608,31850496,55656448,0.04663062500185333,0.004123208,0.111543375,0.015649458,0.006449208,28141,cdbab1e391e55021fa7b0416ef3d094bf777bc1af418dddee702665ba775535a,2026-10-01T18:17:44.984820+00:00,2026-10-01T18:17:45.140513+00:00,"{""OMP_NUM_THREADS"": ""1"", ""OPENBLAS_NUM_THREADS"": ""1"", ""MKL_NUM_THREADS"": ""1"", ""VECLIB_MAXIMUM_THREADS"": ""1"", ""NUMEXPR_NUM_THREADS"": ""1""}",0,0.22566587499750312,"{""load_average"": [4.5341796875, 4.0849609375, 3.56103515625], ""Pages free"": 12412, ""Pages throttled"": 0, ""Pageouts"": 252587, ""Swapouts"": 1206130}","[4.5341796875, 4.0849609375, 3.56103515625]"
219,13,250000,2,sqlite,filter,cold,main,20261001,73129,"[4.5341796875, 4.0849609375, 3.56103515625]","{""load_average"": [4.5341796875, 4.0849609375, 3.56103515625], ""Pages free"": 12392, ""Pages throttled"": 0, ""Pageouts"": 252587, ""Swapouts"": 1206130}",True,0.129797375,0.128253,55525376,31948800,55689216,0.04745499999989988,0.0043195,0.109755958,0.0,0.006398125,28141,cdbab1e391e55021fa7b0416ef3d094bf777bc1af418dddee702665ba775535a,2026-10-01T18:17:45.218764+00:00,2026-10-01T18:17:45.355185+00:00,"{""OMP_NUM_THREADS"": ""1"", ""OPENBLAS_NUM_THREADS"": ""1"", ""MKL_NUM_THREADS"": ""1"", ""VECLIB_MAXIMUM_THREADS"": ""1"", ""NUMEXPR_NUM_THREADS"": ""1""}",0,0.2064667910017306,"{""load_average"": [4.5341796875, 4.0849609375, 3.56103515625], ""Pages free"": 11590, ""Pages throttled"": 0, ""Pageouts"": 252587, ""Swapouts"": 1206130}","[4.5341796875, 4.0849609375, 3.56103515625]"
220,13,250000,2,python,group,warm,main,20261001,73129,"[4.5341796875, 4.0849609375, 3.56103515625]","{""load_average"": [4.5341796875, 4.0849609375, 3.56103515625], ""Pages free"": 11570, ""Pages throttled"": 0, ""Pageouts"": 252587, ""Swapouts"": 1206130}",True,0.018261666,0.017993999999999996,96813056,31883264,96845824,0.04975379099778365,0.004442584,0.022057875,0.0180875,5.6e-05,64,cb27f065f967c64d273dda7382a758429eae912833ec110b88dd344410074758,2026-10-01T18:17:45.434909+00:00,2026-10-01T18:17:45.511223+00:00,"{""OMP_NUM_THREADS"": ""1"", ""OPENBLAS_NUM_THREADS"": ""1"", ""MKL_NUM_THREADS"": ""1"", ""VECLIB_MAXIMUM_THREADS"": ""1"", ""NUMEXPR_NUM_THREADS"": ""1""}",0,0.15617133300111163,"{""load_average"": [4.5341796875, 4.0849609375, 3.56103515625], ""Pages free"": 13066, ""Pages throttled"": 0, ""Pageouts"": 252587, ""Swapouts"": 1206130}","[4.5341796875, 4.0849609375, 3.56103515625]"
221,13,250000,2,pandas,join,cold,main,20261001,73129,"[4.5341796875, 4.0849609375, 3.56103515625]","{""load_average"": [4.5341796875, 4.0849609375, 3.56103515625], ""Pages free"": 12015, ""Pages throttled"": 0, ""Pageouts"": 252587, ""Swapouts"": 1206130}",True,0.013222916,0.01313499999999998,115195904,68927488,115228672,0.24536637499841163,0.002640833,0.000176083,0.0,3.9375e-05,8,0104f6aa03972640e0b632cfeb321caa0cfb49c858a4849d027924b885afa4ec,2026-10-01T18:17:45.795296+00:00,2026-10-01T18:17:45.808836+00:00,"{""OMP_NUM_THREADS"": ""1"", ""OPENBLAS_NUM_THREADS"": ""1"", ""MKL_NUM_THREADS"": ""1"", ""VECLIB_MAXIMUM_THREADS"": ""1"", ""NUMEXPR_NUM_THREADS"": ""1""}",0,0.29922691699903226,"{""load_average"": [4.5341796875, 4.0849609375, 3.56103515625], ""Pages free"": 11773, ""Pages throttled"": 0, ""Pageouts"": 252587, ""Swapouts"": 1206130}","[4.5341796875, 4.0849609375, 3.56103515625]"
222,13,250000,2,python,filter,cold,main,20261001,73129,"[4.5341796875, 4.0849609375, 3.56103515625]","{""load_average"": [4.5341796875, 4.0849609375, 3.56103515625], ""Pages free"": 12004, ""Pages throttled"": 0, ""Pageouts"": 252587, ""Swapouts"": 1206130}",True,0.0421055,0.041284999999999995,98467840,31883264,98631680,0.0479639160039369,0.004368209,0.022180083,0.0,0.006498709,28141,cdbab1e391e55021fa7b0416ef3d094bf777bc1af418dddee702665ba775535a,2026-10-01T18:17:45.904788+00:00,2026-10-01T18:17:45.953708+00:00,"{""OMP_NUM_THREADS"": ""1"", ""OPENBLAS_NUM_THREADS"": ""1"", ""MKL_NUM_THREADS"": ""1"", ""VECLIB_MAXIMUM_THREADS"": ""1"", ""NUMEXPR_NUM_THREADS"": ""1""}",0,0.12786370800313307,"{""load_average"": [4.5341796875, 4.0849609375, 3.56103515625], ""Pages free"": 11465, ""Pages throttled"": 0, ""Pageouts"": 252587, ""Swapouts"": 1206130}","[4.5341796875, 4.0849609375, 3.56103515625]"
223,13,250000,2,pandas,group,cold,main,20261001,73129,"[4.5341796875, 4.0849609375, 3.56103515625]","{""load_average"": [4.5341796875, 4.0849609375, 3.56103515625], ""Pages free"": 11698, ""Pages throttled"": 0, ""Pageouts"": 252587, ""Swapouts"": 1206130}",True,0.006602375,0.006277999999999978,86261760,68861952,86294528,0.23362783400079934,0.003238375,0.000278833,0.0,4.0667e-05,64,cb27f065f967c64d273dda7382a758429eae912833ec110b88dd344410074758,2026-10-01T18:17:46.225623+00:00,2026-10-01T18:17:46.232628+00:00,"{""OMP_NUM_THREADS"": ""1"", ""OPENBLAS_NUM_THREADS"": ""1"", ""MKL_NUM_THREADS"": ""1"", ""VECLIB_MAXIMUM_THREADS"": ""1"", ""NUMEXPR_NUM_THREADS"": ""1""}",0,0.2782480000023497,"{""load_average"": [4.5341796875, 4.0849609375, 3.56103515625], ""Pages free"": 12005, ""Pages throttled"": 0, ""Pageouts"": 252587, ""Swapouts"": 1206130}","[4.5341796875, 4.0849609375, 3.56103515625]"
224,13,250000,2,python,join,warm,main,20261001,73129,"[4.5341796875, 4.0849609375, 3.56103515625]","{""load_average"": [4.5341796875, 4.0849609375, 3.56103515625], ""Pages free"": 11725, ""Pages throttled"": 0, ""Pageouts"": 252587, ""Swapouts"": 1206130}",True,0.028523666,0.02820599999999998,96944128,32047104,96976896,0.04675770799804013,0.004741167,0.024819333,0.029530542,5.5541e-05,8,0104f6aa03972640e0b632cfeb321caa0cfb49c858a4849d027924b885afa4ec,2026-10-01T18:17:46.325271+00:00,2026-10-01T18:17:46.430553+00:00,"{""OMP_NUM_THREADS"": ""1"", ""OPENBLAS_NUM_THREADS"": ""1"", ""MKL_NUM_THREADS"": ""1"", ""VECLIB_MAXIMUM_THREADS"": ""1"", ""NUMEXPR_NUM_THREADS"": ""1""}",0,0.18369029099994805,"{""load_average"": [4.5341796875, 4.0849609375, 3.56103515625], ""Pages free"": 10629, ""Pages throttled"": 0, ""Pageouts"": 252587, ""Swapouts"": 1206130}","[4.5341796875, 4.0849609375, 3.56103515625]"
225,13,250000,2,pandas,filter,warm,main,20261001,73129,"[4.5341796875, 4.0849609375, 3.56103515625]","{""load_average"": [4.5341796875, 4.0849609375, 3.56103515625], ""Pages free"": 10385, ""Pages throttled"": 0, ""Pageouts"": 252587, ""Swapouts"": 1206130}",True,0.004831875,0.0047669999999999935,88948736,69074944,89112576,0.2552112080011284,0.0029715,0.000178875,0.005376,0.006220542,28141,cdbab1e391e55021fa7b0416ef3d094bf777bc1af418dddee702665ba775535a,2026-10-01T18:17:46.727971+00:00,2026-10-01T18:17:46.753797+00:00,"{""OMP_NUM_THREADS"": ""1"", ""OPENBLAS_NUM_THREADS"": ""1"", ""MKL_NUM_THREADS"": ""1"", ""VECLIB_MAXIMUM_THREADS"": ""1"", ""NUMEXPR_NUM_THREADS"": ""1""}",0,0.3241645000016433,"{""load_average"": [4.5341796875, 4.0849609375, 3.56103515625], ""Pages free"": 7891, ""Pages throttled"": 0, ""Pageouts"": 252587, ""Swapouts"": 1206130}","[4.5341796875, 4.0849609375, 3.56103515625]"
226,13,250000,2,pandas,group,warm,main,20261001,73129,"[4.5341796875, 4.0849609375, 3.56103515625]","{""load_average"": [4.5341796875, 4.0849609375, 3.56103515625], ""Pages free"": 7871, ""Pages throttled"": 0, ""Pageouts"": 252587, ""Swapouts"": 1206130}",True,0.002437875,0.0023859999999999992,86196224,68845568,86228992,0.24657354199734982,0.002535625,0.000154625,0.002840709,5.0042e-05,64,cb27f065f967c64d273dda7382a758429eae912833ec110b88dd344410074758,2026-10-01T18:17:47.049860+00:00,2026-10-01T18:17:47.064315+00:00,"{""OMP_NUM_THREADS"": ""1"", ""OPENBLAS_NUM_THREADS"": ""1"", ""MKL_NUM_THREADS"": ""1"", ""VECLIB_MAXIMUM_THREADS"": ""1"", ""NUMEXPR_NUM_THREADS"": ""1""}",0,0.2987800420014537,"{""load_average"": [4.4912109375, 4.08349609375, 3.5634765625], ""Pages free"": 8107, ""Pages throttled"": 0, ""Pageouts"": 252587, ""Swapouts"": 1206130}","[4.4912109375, 4.08349609375, 3.5634765625]"
227,13,250000,2,python,group,cold,main,20261001,73129,"[4.4912109375, 4.08349609375, 3.5634765625]","{""load_average"": [4.4912109375, 4.08349609375, 3.5634765625], ""Pages free"": 8075, ""Pages throttled"": 0, ""Pageouts"": 252587, ""Swapouts"": 1206130}",True,0.045278625,0.04447,96813056,31916032,96845824,0.0492666249992908,0.004657625,0.022399291,0.0,5.7e-05,64,cb27f065f967c64d273dda7382a758429eae912833ec110b88dd344410074758,2026-10-01T18:17:47.160198+00:00,2026-10-01T18:17:47.205864+00:00,"{""OMP_NUM_THREADS"": ""1"", ""OPENBLAS_NUM_THREADS"": ""1"", ""MKL_NUM_THREADS"": ""1"", ""VECLIB_MAXIMUM_THREADS"": ""1"", ""NUMEXPR_NUM_THREADS"": ""1""}",0,0.12465333299769554,"{""load_average"": [4.4912109375, 4.08349609375, 3.5634765625], ""Pages free"": 9667, ""Pages throttled"": 0, ""Pageouts"": 252587, ""Swapouts"": 1206130}","[4.4912109375, 4.08349609375, 3.5634765625]"
228,13,250000,2,pandas,join,warm,main,20261001,73129,"[4.4912109375, 4.08349609375, 3.5634765625]","{""load_average"": [4.4912109375, 4.08349609375, 3.5634765625], ""Pages free"": 9641, ""Pages throttled"": 0, ""Pageouts"": 252587, ""Swapouts"": 1206130}",True,0.008145458,0.008091000000000015,115523584,69091328,115556352,0.24672933299734723,0.003046125,0.000224916,0.010148833,3.35e-05,8,0104f6aa03972640e0b632cfeb321caa0cfb49c858a4849d027924b885afa4ec,2026-10-01T18:17:47.491510+00:00,2026-10-01T18:17:47.518585+00:00,"{""OMP_NUM_THREADS"": ""1"", ""OPENBLAS_NUM_THREADS"": ""1"", ""MKL_NUM_THREADS"": ""1"", ""VECLIB_MAXIMUM_THREADS"": ""1"", ""NUMEXPR_NUM_THREADS"": ""1""}",0,0.31247662500391016,"{""load_average"": [4.4912109375, 4.08349609375, 3.5634765625], ""Pages free"": 9502, ""Pages throttled"": 0, ""Pageouts"": 252587, ""Swapouts"": 1206130}","[4.4912109375, 4.08349609375, 3.5634765625]"
229,13,250000,2,sqlite,join,warm,main,20261001,73129,"[4.4912109375, 4.08349609375, 3.5634765625]","{""load_average"": [4.4912109375, 4.08349609375, 3.5634765625], ""Pages free"": 9478, ""Pages throttled"": 0, ""Pageouts"": 252587, ""Swapouts"": 1206130}",True,0.075740166,0.07530499999999998,61259776,31834112,61292544,0.045443208000506274,0.004728042,0.109011333,0.077711041,6.9584e-05,8,0104f6aa03972640e0b632cfeb321caa0cfb49c858a4849d027924b885afa4ec,2026-10-01T18:17:47.612710+00:00,2026-10-01T18:17:47.881934+00:00,"{""OMP_NUM_THREADS"": ""1"", ""OPENBLAS_NUM_THREADS"": ""1"", ""MKL_NUM_THREADS"": ""1"", ""VECLIB_MAXIMUM_THREADS"": ""1"", ""NUMEXPR_NUM_THREADS"": ""1""}",0,0.3361812919974909,"{""load_average"": [4.4912109375, 4.08349609375, 3.5634765625], ""Pages free"": 10017, ""Pages throttled"": 0, ""Pageouts"": 252587, ""Swapouts"": 1206130}","[4.4912109375, 4.08349609375, 3.5634765625]"
230,13,250000,2,sqlite,group,warm,main,20261001,73129,"[4.4912109375, 4.08349609375, 3.5634765625]","{""load_average"": [4.4912109375, 4.08349609375, 3.5634765625], ""Pages free"": 10247, ""Pages throttled"": 0, ""Pageouts"": 252587, ""Swapouts"": 1206130}",True,0.056374833,0.05620800000000001,61177856,31899648,61210624,0.04743387499911478,0.0048865,0.110465459,0.058223625,6.4334e-05,64,cb27f065f967c64d273dda7382a758429eae912833ec110b88dd344410074758,2026-10-01T18:17:47.960164+00:00,2026-10-01T18:17:48.192266+00:00,"{""OMP_NUM_THREADS"": ""1"", ""OPENBLAS_NUM_THREADS"": ""1"", ""MKL_NUM_THREADS"": ""1"", ""VECLIB_MAXIMUM_THREADS"": ""1"", ""NUMEXPR_NUM_THREADS"": ""1""}",0,0.3022801669940236,"{""load_average"": [4.4912109375, 4.08349609375, 3.5634765625], ""Pages free"": 9758, ""Pages throttled"": 0, ""Pageouts"": 252587, ""Swapouts"": 1206130}","[4.4912109375, 4.08349609375, 3.5634765625]"
231,13,250000,2,sqlite,join,cold,main,20261001,73129,"[4.4912109375, 4.08349609375, 3.5634765625]","{""load_average"": [4.4912109375, 4.08349609375, 3.5634765625], ""Pages free"": 9735, ""Pages throttled"": 0, ""Pageouts"": 252587, ""Swapouts"": 1206130}",True,0.190127709,0.188418,61243392,31850496,61276160,0.04829125000105705,0.004267959,0.109665625,0.0,4.5208e-05,8,0104f6aa03972640e0b632cfeb321caa0cfb49c858a4849d027924b885afa4ec,2026-10-01T18:17:48.270221+00:00,2026-10-01T18:17:48.460669+00:00,"{""OMP_NUM_THREADS"": ""1"", ""OPENBLAS_NUM_THREADS"": ""1"", ""MKL_NUM_THREADS"": ""1"", ""VECLIB_MAXIMUM_THREADS"": ""1"", ""NUMEXPR_NUM_THREADS"": ""1""}",0,0.2602915829993435,"{""load_average"": [4.4912109375, 4.08349609375, 3.5634765625], ""Pages free"": 9895, ""Pages throttled"": 0, ""Pageouts"": 252587, ""Swapouts"": 1206130}","[4.4912109375, 4.08349609375, 3.5634765625]"
232,13,250000,2,python,filter,warm,main,20261001,73129,"[4.4912109375, 4.08349609375, 3.5634765625]","{""load_average"": [4.4912109375, 4.08349609375, 3.5634765625], ""Pages free"": 10121, ""Pages throttled"": 0, ""Pageouts"": 252587, ""Swapouts"": 1206130}",True,0.005893875,0.005901999999999991,98713600,32161792,98877440,0.04911795900261495,0.005287333,0.023205958,0.0165725,0.007189708,28141,cdbab1e391e55021fa7b0416ef3d094bf777bc1af418dddee702665ba775535a,2026-10-01T18:17:48.540713+00:00,2026-10-01T18:17:48.614078+00:00,"{""OMP_NUM_THREADS"": ""1"", ""OPENBLAS_NUM_THREADS"": ""1"", ""MKL_NUM_THREADS"": ""1"", ""VECLIB_MAXIMUM_THREADS"": ""1"", ""NUMEXPR_NUM_THREADS"": ""1""}",0,0.1536101250021602,"{""load_average"": [4.4912109375, 4.08349609375, 3.5634765625], ""Pages free"": 11634, ""Pages throttled"": 0, ""Pageouts"": 252587, ""Swapouts"": 1206130}","[4.4912109375, 4.08349609375, 3.5634765625]"
233,13,250000,2,python,join,cold,main,20261001,73129,"[4.4912109375, 4.08349609375, 3.5634765625]","{""load_average"": [4.4912109375, 4.08349609375, 3.5634765625], ""Pages free"": 11621, ""Pages throttled"": 0, ""Pageouts"": 252587, ""Swapouts"": 1206130}",True,0.052756958,0.051932000000000006,96813056,31866880,96845824,0.04411087500193389,0.0043015,0.022074917,0.0,4.6166e-05,8,0104f6aa03972640e0b632cfeb321caa0cfb49c858a4849d027924b885afa4ec,2026-10-01T18:17:48.696706+00:00,2026-10-01T18:17:48.749732+00:00,"{""OMP_NUM_THREADS"": ""1"", ""OPENBLAS_NUM_THREADS"": ""1"", ""MKL_NUM_THREADS"": ""1"", ""VECLIB_MAXIMUM_THREADS"": ""1"", ""NUMEXPR_NUM_THREADS"": ""1""}",0,0.12723470800119685,"{""load_average"": [4.4912109375, 4.08349609375, 3.5634765625], ""Pages free"": 9785, ""Pages throttled"": 0, ""Pageouts"": 252587, ""Swapouts"": 1206130}","[4.4912109375, 4.08349609375, 3.5634765625]"
234,13,250000,2,pandas,filter,cold,main,20261001,73129,"[4.4912109375, 4.08349609375, 3.5634765625]","{""load_average"": [4.4912109375, 4.08349609375, 3.5634765625], ""Pages free"": 10022, ""Pages throttled"": 0, ""Pageouts"": 252587, ""Swapouts"": 1206130}",True,0.008468083,0.008157999999999999,88899584,69009408,89063424,0.23831466699630255,0.002637208,0.000162334,0.0,0.00660975,28141,cdbab1e391e55021fa7b0416ef3d094bf777bc1af418dddee702665ba775535a,2026-10-01T18:17:49.025261+00:00,2026-10-01T18:17:49.040695+00:00,"{""OMP_NUM_THREADS"": ""1"", ""OPENBLAS_NUM_THREADS"": ""1"", ""MKL_NUM_THREADS"": ""1"", ""VECLIB_MAXIMUM_THREADS"": ""1"", ""NUMEXPR_NUM_THREADS"": ""1""}",0,0.2927971669996623,"{""load_average"": [4.4912109375, 4.08349609375, 3.5634765625], ""Pages free"": 10033, ""Pages throttled"": 0, ""Pageouts"": 252587, ""Swapouts"": 1206130}","[4.4912109375, 4.08349609375, 3.5634765625]"
235,14,250000,5,sqlite,filter,warm,main,20261001,73129,"[4.4912109375, 4.08349609375, 3.5634765625]","{""load_average"": [4.4912109375, 4.08349609375, 3.5634765625], ""Pages free"": 12100, ""Pages throttled"": 0, ""Pageouts"": 252587, ""Swapouts"": 1206130}",True,0.015857916,0.015786999999999995,55377920,31899648,55541760,0.05462499999703141,0.005003084,0.112345583,0.016058458,0.006516542,28141,cdbab1e391e55021fa7b0416ef3d094bf777bc1af418dddee702665ba775535a,2026-10-01T18:17:50.166374+00:00,2026-10-01T18:17:50.325401+00:00,"{""OMP_NUM_THREADS"": ""1"", ""OPENBLAS_NUM_THREADS"": ""1"", ""MKL_NUM_THREADS"": ""1"", ""VECLIB_MAXIMUM_THREADS"": ""1"", ""NUMEXPR_NUM_THREADS"": ""1""}",0,0.2481201249975129,"{""load_average"": [4.4912109375, 4.08349609375, 3.5634765625], ""Pages free"": 10253, ""Pages throttled"": 0, ""Pageouts"": 252587, ""Swapouts"": 1206130}","[4.4912109375, 4.08349609375, 3.5634765625]"
236,14,250000,5,sqlite,group,cold,main,20261001,73129,"[4.4912109375, 4.08349609375, 3.5634765625]","{""load_average"": [4.4912109375, 4.08349609375, 3.5634765625], ""Pages free"": 9967, ""Pages throttled"": 0, ""Pageouts"": 252587, ""Swapouts"": 1206130}",True,0.170632458,0.16912100000000002,61259776,31932416,61292544,0.04882437500054948,0.004767291,0.109281167,0.0,6.9875e-05,64,cb27f065f967c64d273dda7382a758429eae912833ec110b88dd344410074758,2026-10-01T18:17:50.407631+00:00,2026-10-01T18:17:50.578594+00:00,"{""OMP_NUM_THREADS"": ""1"", ""OPENBLAS_NUM_THREADS"": ""1"", ""MKL_NUM_THREADS"": ""1"", ""VECLIB_MAXIMUM_THREADS"": ""1"", ""NUMEXPR_NUM_THREADS"": ""1""}",0,0.2417670420036302,"{""load_average"": [4.4912109375, 4.08349609375, 3.5634765625], ""Pages free"": 10498, ""Pages throttled"": 0, ""Pageouts"": 252587, ""Swapouts"": 1206130}","[4.4912109375, 4.08349609375, 3.5634765625]"
237,14,250000,5,sqlite,join,cold,main,20261001,73129,"[4.4912109375, 4.08349609375, 3.5634765625]","{""load_average"": [4.4912109375, 4.08349609375, 3.5634765625], ""Pages free"": 10212, ""Pages throttled"": 0, ""Pageouts"": 252587, ""Swapouts"": 1206130}",True,0.190658875,0.188768,61194240,31866880,61227008,0.04781541699776426,0.004312916,0.109197459,0.0,6.1542e-05,8,0104f6aa03972640e0b632cfeb321caa0cfb49c858a4849d027924b885afa4ec,2026-10-01T18:17:50.656217+00:00,2026-10-01T18:17:50.847213+00:00,"{""OMP_NUM_THREADS"": ""1"", ""OPENBLAS_NUM_THREADS"": ""1"", ""MKL_NUM_THREADS"": ""1"", ""VECLIB_MAXIMUM_THREADS"": ""1"", ""NUMEXPR_NUM_THREADS"": ""1""}",0,0.2610243340022862,"{""load_average"": [4.4912109375, 4.08349609375, 3.5634765625], ""Pages free"": 10767, ""Pages throttled"": 0, ""Pageouts"": 252587, ""Swapouts"": 1206130}","[4.4912109375, 4.08349609375, 3.5634765625]"
238,14,250000,5,python,filter,warm,main,20261001,73129,"[4.4912109375, 4.08349609375, 3.5634765625]","{""load_average"": [4.4912109375, 4.08349609375, 3.5634765625], ""Pages free"": 10743, ""Pages throttled"": 0, ""Pageouts"": 252587, ""Swapouts"": 1206130}",True,0.006038334,0.006044999999999995,98779136,31932416,98942976,0.04814949999854434,0.004858792,0.022756375,0.015859417,0.006859417,28141,cdbab1e391e55021fa7b0416ef3d094bf777bc1af418dddee702665ba775535a,2026-10-01T18:17:50.926386+00:00,2026-10-01T18:17:50.997126+00:00,"{""OMP_NUM_THREADS"": ""1"", ""OPENBLAS_NUM_THREADS"": ""1"", ""MKL_NUM_THREADS"": ""1"", ""VECLIB_MAXIMUM_THREADS"": ""1"", ""NUMEXPR_NUM_THREADS"": ""1""}",0,0.14925329200195847,"{""load_average"": [4.4912109375, 4.08349609375, 3.5634765625], ""Pages free"": 10066, ""Pages throttled"": 0, ""Pageouts"": 252587, ""Swapouts"": 1206130}","[4.4912109375, 4.08349609375, 3.5634765625]"
239,14,250000,5,pandas,group,cold,main,20261001,73129,"[4.4912109375, 4.08349609375, 3.5634765625]","{""load_average"": [4.4912109375, 4.08349609375, 3.5634765625], ""Pages free"": 10314, ""Pages throttled"": 0, ""Pageouts"": 252587, ""Swapouts"": 1206130}",True,0.005956708,0.005749000000000004,86261760,68894720,86310912,0.2369299999991199,0.002572167,0.00021875,0.0,7.8708e-05,64,cb27f065f967c64d273dda7382a758429eae912833ec110b88dd344410074758,2026-10-01T18:17:51.272353+00:00,2026-10-01T18:17:51.278716+00:00,"{""OMP_NUM_THREADS"": ""1"", ""OPENBLAS_NUM_THREADS"": ""1"", ""MKL_NUM_THREADS"": ""1"", ""VECLIB_MAXIMUM_THREADS"": ""1"", ""NUMEXPR_NUM_THREADS"": ""1""}",0,0.282359083998017,"{""load_average"": [4.4912109375, 4.08349609375, 3.5634765625], ""Pages free"": 9756, ""Pages throttled"": 0, ""Pageouts"": 252587, ""Swapouts"": 1206130}","[4.4912109375, 4.08349609375, 3.5634765625]"
240,14,250000,5,python,join,cold,main,20261001,73129,"[4.4912109375, 4.08349609375, 3.5634765625]","{""load_average"": [4.4912109375, 4.08349609375, 3.5634765625], ""Pages free"": 9729, ""Pages throttled"": 0, ""Pageouts"": 252587, ""Swapouts"": 1206130}",True,0.05379775,0.052815,96796672,31850496,96829440,0.046937624996644445,0.004150125,0.023647708,0.0,4.9083e-05,8,0104f6aa03972640e0b632cfeb321caa0cfb49c858a4849d027924b885afa4ec,2026-10-01T18:17:51.373234+00:00,2026-10-01T18:17:51.427380+00:00,"{""OMP_NUM_THREADS"": ""1"", ""OPENBLAS_NUM_THREADS"": ""1"", ""MKL_NUM_THREADS"": ""1"", ""VECLIB_MAXIMUM_THREADS"": ""1"", ""NUMEXPR_NUM_THREADS"": ""1""}",0,0.1306955409963848,"{""load_average"": [4.4912109375, 4.08349609375, 3.5634765625], ""Pages free"": 11401, ""Pages throttled"": 0, ""Pageouts"": 252587, ""Swapouts"": 1206130}","[4.4912109375, 4.08349609375, 3.5634765625]"
241,14,250000,5,pandas,filter,cold,main,20261001,73129,"[4.4912109375, 4.08349609375, 3.5634765625]","{""load_average"": [4.4912109375, 4.08349609375, 3.5634765625], ""Pages free"": 11379, ""Pages throttled"": 0, ""Pageouts"": 252587, ""Swapouts"": 1206130}",True,0.00850625,0.008110000000000006,88834048,68943872,89014272,0.23878916700050468,0.002516875,0.000166625,0.0,0.006506583,28141,cdbab1e391e55021fa7b0416ef3d094bf777bc1af418dddee702665ba775535a,2026-10-01T18:17:51.704564+00:00,2026-10-01T18:17:51.719897+00:00,"{""OMP_NUM_THREADS"": ""1"", ""OPENBLAS_NUM_THREADS"": ""1"", ""MKL_NUM_THREADS"": ""1"", ""VECLIB_MAXIMUM_THREADS"": ""1"", ""NUMEXPR_NUM_THREADS"": ""1""}",0,0.2933128329968895,"{""load_average"": [4.4912109375, 4.08349609375, 3.5634765625], ""Pages free"": 10638, ""Pages throttled"": 0, ""Pageouts"": 252587, ""Swapouts"": 1206130}","[4.4912109375, 4.08349609375, 3.5634765625]"
242,14,250000,5,python,group,cold,main,20261001,73129,"[4.4912109375, 4.08349609375, 3.5634765625]","{""load_average"": [4.4912109375, 4.08349609375, 3.5634765625], ""Pages free"": 10098, ""Pages throttled"": 0, ""Pageouts"": 252587, ""Swapouts"": 1206130}",True,0.045436708,0.0445,96763904,31866880,96796672,0.049595042000873946,0.004454917,0.02254075,0.0,6.1375e-05,64,cb27f065f967c64d273dda7382a758429eae912833ec110b88dd344410074758,2026-10-01T18:17:51.817857+00:00,2026-10-01T18:17:51.863625+00:00,"{""OMP_NUM_THREADS"": ""1"", ""OPENBLAS_NUM_THREADS"": ""1"", ""MKL_NUM_THREADS"": ""1"", ""VECLIB_MAXIMUM_THREADS"": ""1"", ""NUMEXPR_NUM_THREADS"": ""1""}",0,0.12509166700328933,"{""load_average"": [4.29150390625, 4.048828125, 3.55419921875], ""Pages free"": 9137, ""Pages throttled"": 0, ""Pageouts"": 252587, ""Swapouts"": 1206130}","[4.29150390625, 4.048828125, 3.55419921875]"
243,14,250000,5,pandas,group,warm,main,20261001,73129,"[4.29150390625, 4.048828125, 3.55419921875]","{""load_average"": [4.29150390625, 4.048828125, 3.55419921875], ""Pages free"": 9362, ""Pages throttled"": 0, ""Pageouts"": 252587, ""Swapouts"": 1206130}",True,0.002077125,0.0020820000000000005,86343680,68960256,86376448,0.2398070839990396,0.002980833,0.000210208,0.002975125,4.5958e-05,64,cb27f065f967c64d273dda7382a758429eae912833ec110b88dd344410074758,2026-10-01T18:17:52.141338+00:00,2026-10-01T18:17:52.155368+00:00,"{""OMP_NUM_THREADS"": ""1"", ""OPENBLAS_NUM_THREADS"": ""1"", ""MKL_NUM_THREADS"": ""1"", ""VECLIB_MAXIMUM_THREADS"": ""1"", ""NUMEXPR_NUM_THREADS"": ""1""}",0,0.2904649580013938,"{""load_average"": [4.29150390625, 4.048828125, 3.55419921875], ""Pages free"": 9603, ""Pages throttled"": 0, ""Pageouts"": 252587, ""Swapouts"": 1206130}","[4.29150390625, 4.048828125, 3.55419921875]"
244,14,250000,5,pandas,join,warm,main,20261001,73129,"[4.29150390625, 4.048828125, 3.55419921875]","{""load_average"": [4.29150390625, 4.048828125, 3.55419921875], ""Pages free"": 11064, ""Pages throttled"": 0, ""Pageouts"": 252587, ""Swapouts"": 1206130}",True,0.007944417,0.007921999999999985,115310592,68927488,115343360,0.24221250000118744,0.002984459,0.000180875,0.010311542,3.95e-05,8,0104f6aa03972640e0b632cfeb321caa0cfb49c858a4849d027924b885afa4ec,2026-10-01T18:17:52.442720+00:00,2026-10-01T18:17:52.470167+00:00,"{""OMP_NUM_THREADS"": ""1"", ""OPENBLAS_NUM_THREADS"": ""1"", ""MKL_NUM_THREADS"": ""1"", ""VECLIB_MAXIMUM_THREADS"": ""1"", ""NUMEXPR_NUM_THREADS"": ""1""}",0,0.3078714579969528,"{""load_average"": [4.29150390625, 4.048828125, 3.55419921875], ""Pages free"": 10046, ""Pages throttled"": 0, ""Pageouts"": 252587, ""Swapouts"": 1206130}","[4.29150390625, 4.048828125, 3.55419921875]"
245,14,250000,5,sqlite,group,warm,main,20261001,73129,"[4.29150390625, 4.048828125, 3.55419921875]","{""load_average"": [4.29150390625, 4.048828125, 3.55419921875], ""Pages free"": 9778, ""Pages throttled"": 0, ""Pageouts"": 252587, ""Swapouts"": 1206130}",True,0.054484042,0.05422499999999997,61407232,31948800,61440000,0.04766766699322034,0.004614834,0.109109791,0.057279958,5.8125e-05,64,cb27f065f967c64d273dda7382a758429eae912833ec110b88dd344410074758,2026-10-01T18:17:52.563879+00:00,2026-10-01T18:17:52.791411+00:00,"{""OMP_NUM_THREADS"": ""1"", ""OPENBLAS_NUM_THREADS"": ""1"", ""MKL_NUM_THREADS"": ""1"", ""VECLIB_MAXIMUM_THREADS"": ""1"", ""NUMEXPR_NUM_THREADS"": ""1""}",0,0.29725829100061674,"{""load_average"": [4.29150390625, 4.048828125, 3.55419921875], ""Pages free"": 9559, ""Pages throttled"": 0, ""Pageouts"": 252587, ""Swapouts"": 1206130}","[4.29150390625, 4.048828125, 3.55419921875]"
246,14,250000,5,sqlite,join,warm,main,20261001,73129,"[4.29150390625, 4.048828125, 3.55419921875]","{""load_average"": [4.29150390625, 4.048828125, 3.55419921875], ""Pages free"": 9539, ""Pages throttled"": 0, ""Pageouts"": 252587, ""Swapouts"": 1206130}",True,0.07723225,0.07675599999999999,61276160,31850496,61308928,0.046478124997520354,0.004625792,0.110268125,0.078011791,5.6167e-05,8,0104f6aa03972640e0b632cfeb321caa0cfb49c858a4849d027924b885afa4ec,2026-10-01T18:17:52.868128+00:00,2026-10-01T18:17:53.141344+00:00,"{""OMP_NUM_THREADS"": ""1"", ""OPENBLAS_NUM_THREADS"": ""1"", ""MKL_NUM_THREADS"": ""1"", ""VECLIB_MAXIMUM_THREADS"": ""1"", ""NUMEXPR_NUM_THREADS"": ""1""}",0,0.342104625000502,"{""load_average"": [4.29150390625, 4.048828125, 3.55419921875], ""Pages free"": 9675, ""Pages throttled"": 0, ""Pageouts"": 252587, ""Swapouts"": 1206130}","[4.29150390625, 4.048828125, 3.55419921875]"
247,14,250000,5,pandas,join,cold,main,20261001,73129,"[4.29150390625, 4.048828125, 3.55419921875]","{""load_average"": [4.29150390625, 4.048828125, 3.55419921875], ""Pages free"": 9909, ""Pages throttled"": 0, ""Pageouts"": 252587, ""Swapouts"": 1206130}",True,0.013012458,0.012814999999999993,115212288,68943872,115245056,0.24624454100558069,0.002491208,0.000159625,0.0,3.3083e-05,8,0104f6aa03972640e0b632cfeb321caa0cfb49c858a4849d027924b885afa4ec,2026-10-01T18:17:53.417915+00:00,2026-10-01T18:17:53.431314+00:00,"{""OMP_NUM_THREADS"": ""1"", ""OPENBLAS_NUM_THREADS"": ""1"", ""MKL_NUM_THREADS"": ""1"", ""VECLIB_MAXIMUM_THREADS"": ""1"", ""NUMEXPR_NUM_THREADS"": ""1""}",0,0.29831737500353483,"{""load_average"": [4.29150390625, 4.048828125, 3.55419921875], ""Pages free"": 9710, ""Pages throttled"": 0, ""Pageouts"": 252587, ""Swapouts"": 1206130}","[4.29150390625, 4.048828125, 3.55419921875]"
248,14,250000,5,sqlite,filter,cold,main,20261001,73129,"[4.29150390625, 4.048828125, 3.55419921875]","{""load_average"": [4.29150390625, 4.048828125, 3.55419921875], ""Pages free"": 9943, ""Pages throttled"": 0, ""Pageouts"": 252587, ""Swapouts"": 1206130}",True,0.13089325,0.129543,55607296,31948800,55771136,0.04771120799705386,0.004833292,0.110208458,0.0,0.006772416,28141,cdbab1e391e55021fa7b0416ef3d094bf777bc1af418dddee702665ba775535a,2026-10-01T18:17:53.525234+00:00,2026-10-01T18:17:53.663128+00:00,"{""OMP_NUM_THREADS"": ""1"", ""OPENBLAS_NUM_THREADS"": ""1"", ""MKL_NUM_THREADS"": ""1"", ""VECLIB_MAXIMUM_THREADS"": ""1"", ""NUMEXPR_NUM_THREADS"": ""1""}",0,0.2064111250001588,"{""load_average"": [4.29150390625, 4.048828125, 3.55419921875], ""Pages free"": 9538, ""Pages throttled"": 0, ""Pageouts"": 252587, ""Swapouts"": 1206130}","[4.29150390625, 4.048828125, 3.55419921875]"
249,14,250000,5,python,group,warm,main,20261001,73129,"[4.29150390625, 4.048828125, 3.55419921875]","{""load_average"": [4.29150390625, 4.048828125, 3.55419921875], ""Pages free"": 9257, ""Pages throttled"": 0, ""Pageouts"": 252587, ""Swapouts"": 1206130}",True,0.01836425,0.01826399999999999,97337344,31834112,97386496,0.049166124998009764,0.00528575,0.022381875,0.019065833,6.6834e-05,64,cb27f065f967c64d273dda7382a758429eae912833ec110b88dd344410074758,2026-10-01T18:17:53.742724+00:00,2026-10-01T18:17:53.822376+00:00,"{""OMP_NUM_THREADS"": ""1"", ""OPENBLAS_NUM_THREADS"": ""1"", ""MKL_NUM_THREADS"": ""1"", ""VECLIB_MAXIMUM_THREADS"": ""1"", ""NUMEXPR_NUM_THREADS"": ""1""}",0,0.15836170799593674,"{""load_average"": [4.29150390625, 4.048828125, 3.55419921875], ""Pages free"": 10693, ""Pages throttled"": 0, ""Pageouts"": 252769, ""Swapouts"": 1206130}","[4.29150390625, 4.048828125, 3.55419921875]"
250,14,250000,5,python,filter,cold,main,20261001,73129,"[4.29150390625, 4.048828125, 3.55419921875]","{""load_average"": [4.29150390625, 4.048828125, 3.55419921875], ""Pages free"": 10925, ""Pages throttled"": 0, ""Pageouts"": 252769, ""Swapouts"": 1206130}",True,0.042818708,0.041736999999999996,98762752,31899648,98926592,0.04694304199801991,0.004976791,0.021816167,0.0,0.00658225,28141,cdbab1e391e55021fa7b0416ef3d094bf777bc1af418dddee702665ba775535a,2026-10-01T18:17:53.909129+00:00,2026-10-01T18:17:53.958713+00:00,"{""OMP_NUM_THREADS"": ""1"", ""OPENBLAS_NUM_THREADS"": ""1"", ""MKL_NUM_THREADS"": ""1"", ""VECLIB_MAXIMUM_THREADS"": ""1"", ""NUMEXPR_NUM_THREADS"": ""1""}",0,0.1283197089942405,"{""load_average"": [4.29150390625, 4.048828125, 3.55419921875], ""Pages free"": 10949, ""Pages throttled"": 0, ""Pageouts"": 252769, ""Swapouts"": 1206130}","[4.29150390625, 4.048828125, 3.55419921875]"
251,14,250000,5,python,join,warm,main,20261001,73129,"[4.29150390625, 4.048828125, 3.55419921875]","{""load_average"": [4.29150390625, 4.048828125, 3.55419921875], ""Pages free"": 10934, ""Pages throttled"": 0, ""Pageouts"": 252769, ""Swapouts"": 1206130}",True,0.027235334,0.027079999999999993,96878592,31948800,96911360,0.047121583003900014,0.004829167,0.021449083,0.025859291,4.2833e-05,8,0104f6aa03972640e0b632cfeb321caa0cfb49c858a4849d027924b885afa4ec,2026-10-01T18:17:54.046100+00:00,2026-10-01T18:17:54.138821+00:00,"{""OMP_NUM_THREADS"": ""1"", ""OPENBLAS_NUM_THREADS"": ""1"", ""MKL_NUM_THREADS"": ""1"", ""VECLIB_MAXIMUM_THREADS"": ""1"", ""NUMEXPR_NUM_THREADS"": ""1""}",0,0.16922120899835136,"{""load_average"": [4.29150390625, 4.048828125, 3.55419921875], ""Pages free"": 11047, ""Pages throttled"": 0, ""Pageouts"": 252769, ""Swapouts"": 1206130}","[4.29150390625, 4.048828125, 3.55419921875]"
252,14,250000,5,pandas,filter,warm,main,20261001,73129,"[4.29150390625, 4.048828125, 3.55419921875]","{""load_average"": [4.29150390625, 4.048828125, 3.55419921875], ""Pages free"": 11040, ""Pages throttled"": 0, ""Pageouts"": 252769, ""Swapouts"": 1206130}",True,0.004571042,0.0045660000000000145,88834048,68943872,88997888,0.2446656659958535,0.003008833,0.000195917,0.005573459,0.006654208,28141,cdbab1e391e55021fa7b0416ef3d094bf777bc1af418dddee702665ba775535a,2026-10-01T18:17:54.421455+00:00,2026-10-01T18:17:54.447773+00:00,"{""OMP_NUM_THREADS"": ""1"", ""OPENBLAS_NUM_THREADS"": ""1"", ""MKL_NUM_THREADS"": ""1"", ""VECLIB_MAXIMUM_THREADS"": ""1"", ""NUMEXPR_NUM_THREADS"": ""1""}",0,0.30898729199543595,"{""load_average"": [4.29150390625, 4.048828125, 3.55419921875], ""Pages free"": 10379, ""Pages throttled"": 0, ""Pageouts"": 252769, ""Swapouts"": 1206130}","[4.29150390625, 4.048828125, 3.55419921875]"
253,15,1000000,1,python,filter,warm,main,20261001,73129,"[4.29150390625, 4.048828125, 3.55419921875]","{""load_average"": [4.29150390625, 4.048828125, 3.55419921875], ""Pages free"": 11204, ""Pages throttled"": 0, ""Pageouts"": 252769, ""Swapouts"": 1206130}",True,0.028120166,0.02790999999999999,295501824,31932416,295665664,0.05539662500086706,0.012264667,0.116209083,0.138177083,0.028221208,113946,650d5b611ec563af2c2f8123abcefad606ffc91351ffe5b9d50dacbf0041e51e,2026-10-01T18:17:55.572540+00:00,2026-10-01T18:17:55.948260+00:00,"{""OMP_NUM_THREADS"": ""1"", ""OPENBLAS_NUM_THREADS"": ""1"", ""MKL_NUM_THREADS"": ""1"", ""VECLIB_MAXIMUM_THREADS"": ""1"", ""NUMEXPR_NUM_THREADS"": ""1""}",0,0.5009278329962399,"{""load_average"": [4.29150390625, 4.048828125, 3.55419921875], ""Pages free"": 21283, ""Pages throttled"": 0, ""Pageouts"": 253316, ""Swapouts"": 1206130}","[4.29150390625, 4.048828125, 3.55419921875]"
254,15,1000000,1,sqlite,filter,warm,main,20261001,73129,"[4.29150390625, 4.048828125, 3.55419921875]","{""load_average"": [4.29150390625, 4.048828125, 3.55419921875], ""Pages free"": 21559, ""Pages throttled"": 0, ""Pageouts"": 253316, ""Swapouts"": 1206130}",True,0.064068833,0.06375699999999995,119390208,31850496,119554048,0.04517499999928987,0.009842375,0.437090791,0.064197542,0.026418709,113946,650d5b611ec563af2c2f8123abcefad606ffc91351ffe5b9d50dacbf0041e51e,2026-10-01T18:17:56.059754+00:00,2026-10-01T18:17:56.665403+00:00,"{""OMP_NUM_THREADS"": ""1"", ""OPENBLAS_NUM_THREADS"": ""1"", ""MKL_NUM_THREADS"": ""1"", ""VECLIB_MAXIMUM_THREADS"": ""1"", ""NUMEXPR_NUM_THREADS"": ""1""}",0,0.676922333004768,"{""load_average"": [4.29150390625, 4.048828125, 3.55419921875], ""Pages free"": 21887, ""Pages throttled"": 0, ""Pageouts"": 253316, ""Swapouts"": 1206130}","[4.29150390625, 4.048828125, 3.55419921875]"
255,15,1000000,1,pandas,join,cold,main,20261001,73129,"[4.29150390625, 4.048828125, 3.55419921875]","{""load_average"": [4.29150390625, 4.048828125, 3.55419921875], ""Pages free"": 22114, ""Pages throttled"": 0, ""Pageouts"": 253316, ""Swapouts"": 1206130}",True,0.046278209,0.045803999999999984,240910336,68829184,240943104,0.24268708399904426,0.008655917,0.000193708,0.0,3.4167e-05,8,9c4d4bed2506ea48344b9a1feb663161886647b4c790245fc45905fe3386c8e8,2026-10-01T18:17:56.943471+00:00,2026-10-01T18:17:56.990128+00:00,"{""OMP_NUM_THREADS"": ""1"", ""OPENBLAS_NUM_THREADS"": ""1"", ""MKL_NUM_THREADS"": ""1"", ""VECLIB_MAXIMUM_THREADS"": ""1"", ""NUMEXPR_NUM_THREADS"": ""1""}",0,0.3308497499965597,"{""load_average"": [4.18798828125, 4.03125, 3.55078125], ""Pages free"": 21092, ""Pages throttled"": 0, ""Pageouts"": 253316, ""Swapouts"": 1206130}","[4.18798828125, 4.03125, 3.55078125]"
256,15,1000000,1,pandas,group,warm,main,20261001,73129,"[4.18798828125, 4.03125, 3.55078125]","{""load_average"": [4.18798828125, 4.03125, 3.55078125], ""Pages free"": 21073, ""Pages throttled"": 0, ""Pageouts"": 253316, ""Swapouts"": 1206130}",True,0.006624583,0.006628999999999996,129155072,69058560,129187840,0.23610575000202516,0.00810575,0.000183125,0.00893175,4.3417e-05,64,824d3af0f5a10249cdced0440fd58546e3299cf6ce1e26d118b5bb1530adc7c3,2026-10-01T18:17:57.275904+00:00,2026-10-01T18:17:57.306401+00:00,"{""OMP_NUM_THREADS"": ""1"", ""OPENBLAS_NUM_THREADS"": ""1"", ""MKL_NUM_THREADS"": ""1"", ""VECLIB_MAXIMUM_THREADS"": ""1"", ""NUMEXPR_NUM_THREADS"": ""1""}",0,0.30582654099998763,"{""load_average"": [4.18798828125, 4.03125, 3.55078125], ""Pages free"": 19273, ""Pages throttled"": 0, ""Pageouts"": 253316, ""Swapouts"": 1206130}","[4.18798828125, 4.03125, 3.55078125]"
257,15,1000000,1,sqlite,join,warm,main,20261001,73129,"[4.18798828125, 4.03125, 3.55078125]","{""load_average"": [4.18798828125, 4.03125, 3.55078125], ""Pages free"": 19255, ""Pages throttled"": 0, ""Pageouts"": 253316, ""Swapouts"": 1206130}",True,0.318052708,0.316364,135086080,31817728,135118848,0.048047791999124456,0.00986475,0.436125709,0.318712625,5.3375e-05,8,9c4d4bed2506ea48344b9a1feb663161886647b4c790245fc45905fe3386c8e8,2026-10-01T18:17:57.403063+00:00,2026-10-01T18:17:58.488059+00:00,"{""OMP_NUM_THREADS"": ""1"", ""OPENBLAS_NUM_THREADS"": ""1"", ""MKL_NUM_THREADS"": ""1"", ""VECLIB_MAXIMUM_THREADS"": ""1"", ""NUMEXPR_NUM_THREADS"": ""1""}",0,1.1588117089995649,"{""load_average"": [4.18798828125, 4.03125, 3.55078125], ""Pages free"": 20320, ""Pages throttled"": 0, ""Pageouts"": 253316, ""Swapouts"": 1206130}","[4.18798828125, 4.03125, 3.55078125]"
258,15,1000000,1,pandas,join,warm,main,20261001,73129,"[4.18798828125, 4.03125, 3.55078125]","{""load_average"": [4.18798828125, 4.03125, 3.55078125], ""Pages free"": 20298, ""Pages throttled"": 0, ""Pageouts"": 253316, ""Swapouts"": 1206130}",True,0.028103167,0.027970999999999968,240959488,68894720,240992256,0.24716083300154423,0.008460833,0.000325167,0.037380917,3.4e-05,8,9c4d4bed2506ea48344b9a1feb663161886647b4c790245fc45905fe3386c8e8,2026-10-01T18:17:58.768545+00:00,2026-10-01T18:17:58.848687+00:00,"{""OMP_NUM_THREADS"": ""1"", ""OPENBLAS_NUM_THREADS"": ""1"", ""MKL_NUM_THREADS"": ""1"", ""VECLIB_MAXIMUM_THREADS"": ""1"", ""NUMEXPR_NUM_THREADS"": ""1""}",0,0.36715429199830396,"{""load_average"": [4.18798828125, 4.03125, 3.55078125], ""Pages free"": 19535, ""Pages throttled"": 0, ""Pageouts"": 253316, ""Swapouts"": 1206130}","[4.18798828125, 4.03125, 3.55078125]"
259,15,1000000,1,pandas,group,cold,main,20261001,73129,"[4.18798828125, 4.03125, 3.55078125]","{""load_average"": [4.18798828125, 4.03125, 3.55078125], ""Pages free"": 19512, ""Pages throttled"": 0, ""Pageouts"": 253316, ""Swapouts"": 1206130}",True,0.017507834,0.017281999999999992,129056768,68943872,129105920,0.23646604199893773,0.008089084,0.000191708,0.0,4.3541e-05,64,824d3af0f5a10249cdced0440fd58546e3299cf6ce1e26d118b5bb1530adc7c3,2026-10-01T18:17:59.133687+00:00,2026-10-01T18:17:59.151591+00:00,"{""OMP_NUM_THREADS"": ""1"", ""OPENBLAS_NUM_THREADS"": ""1"", ""MKL_NUM_THREADS"": ""1"", ""VECLIB_MAXIMUM_THREADS"": ""1"", ""NUMEXPR_NUM_THREADS"": ""1""}",0,0.29265733400097815,"{""load_average"": [4.18798828125, 4.03125, 3.55078125], ""Pages free"": 20437, ""Pages throttled"": 0, ""Pageouts"": 253316, ""Swapouts"": 1206130}","[4.18798828125, 4.03125, 3.55078125]"
260,15,1000000,1,python,filter,cold,main,20261001,73129,"[4.18798828125, 4.03125, 3.55078125]","{""load_average"": [4.18798828125, 4.03125, 3.55078125], ""Pages free"": 20407, ""Pages throttled"": 0, ""Pageouts"": 253316, ""Swapouts"": 1206130}",True,0.223088792,0.221032,295403520,31817728,295567360,0.047361249999084976,0.010371209,0.095963125,0.0,0.027943375,113946,650d5b611ec563af2c2f8123abcefad606ffc91351ffe5b9d50dacbf0041e51e,2026-10-01T18:17:59.246349+00:00,2026-10-01T18:17:59.497608+00:00,"{""OMP_NUM_THREADS"": ""1"", ""OPENBLAS_NUM_THREADS"": ""1"", ""MKL_NUM_THREADS"": ""1"", ""VECLIB_MAXIMUM_THREADS"": ""1"", ""NUMEXPR_NUM_THREADS"": ""1""}",0,0.3585217500003637,"{""load_average"": [4.18798828125, 4.03125, 3.55078125], ""Pages free"": 20913, ""Pages throttled"": 0, ""Pageouts"": 253317, ""Swapouts"": 1206130}","[4.18798828125, 4.03125, 3.55078125]"
261,15,1000000,1,sqlite,filter,cold,main,20261001,73129,"[4.18798828125, 4.03125, 3.55078125]","{""load_average"": [4.18798828125, 4.03125, 3.55078125], ""Pages free"": 21139, ""Pages throttled"": 0, ""Pageouts"": 253317, ""Swapouts"": 1206130}",True,0.507807333,0.504541,119488512,31916032,119635968,0.05000037499848986,0.010175625,0.433627375,0.0,0.02639575,113946,650d5b611ec563af2c2f8123abcefad606ffc91351ffe5b9d50dacbf0041e51e,2026-10-01T18:17:59.619226+00:00,2026-10-01T18:18:00.153725+00:00,"{""OMP_NUM_THREADS"": ""1"", ""OPENBLAS_NUM_THREADS"": ""1"", ""MKL_NUM_THREADS"": ""1"", ""VECLIB_MAXIMUM_THREADS"": ""1"", ""NUMEXPR_NUM_THREADS"": ""1""}",0,0.6120409169961931,"{""load_average"": [4.18798828125, 4.03125, 3.55078125], ""Pages free"": 21828, ""Pages throttled"": 0, ""Pageouts"": 253317, ""Swapouts"": 1206130}","[4.18798828125, 4.03125, 3.55078125]"
262,15,1000000,1,sqlite,group,warm,main,20261001,73129,"[4.18798828125, 4.03125, 3.55078125]","{""load_average"": [4.18798828125, 4.03125, 3.55078125], ""Pages free"": 21814, ""Pages throttled"": 0, ""Pageouts"": 253317, ""Swapouts"": 1206130}",True,0.385512084,0.383505,135151616,31899648,135184384,0.04846462500427151,0.010629458,0.4367015,0.390613167,8.1542e-05,64,824d3af0f5a10249cdced0440fd58546e3299cf6ce1e26d118b5bb1530adc7c3,2026-10-01T18:18:00.237116+00:00,2026-10-01T18:18:01.462707+00:00,"{""OMP_NUM_THREADS"": ""1"", ""OPENBLAS_NUM_THREADS"": ""1"", ""MKL_NUM_THREADS"": ""1"", ""VECLIB_MAXIMUM_THREADS"": ""1"", ""NUMEXPR_NUM_THREADS"": ""1""}",0,1.2990783330023987,"{""load_average"": [4.18798828125, 4.03125, 3.55078125], ""Pages free"": 14324, ""Pages throttled"": 0, ""Pageouts"": 253317, ""Swapouts"": 1206130}","[4.18798828125, 4.03125, 3.55078125]"
263,15,1000000,1,pandas,filter,cold,main,20261001,73129,"[4.18798828125, 4.03125, 3.55078125]","{""load_average"": [4.18798828125, 4.03125, 3.55078125], ""Pages free"": 14300, ""Pages throttled"": 0, ""Pageouts"": 253317, ""Swapouts"": 1206130}",True,0.027366458,0.02698299999999998,149831680,68993024,149995520,0.2228874169959454,0.008120542,0.00017975,0.0,0.026795708,113946,650d5b611ec563af2c2f8123abcefad606ffc91351ffe5b9d50dacbf0041e51e,2026-10-01T18:18:01.717045+00:00,2026-10-01T18:18:01.771488+00:00,"{""OMP_NUM_THREADS"": ""1"", ""OPENBLAS_NUM_THREADS"": ""1"", ""MKL_NUM_THREADS"": ""1"", ""VECLIB_MAXIMUM_THREADS"": ""1"", ""NUMEXPR_NUM_THREADS"": ""1""}",0,0.3191484999988461,"{""load_average"": [4.18798828125, 4.03125, 3.55078125], ""Pages free"": 11113, ""Pages throttled"": 0, ""Pageouts"": 253441, ""Swapouts"": 1206130}","[4.18798828125, 4.03125, 3.55078125]"
264,15,1000000,1,sqlite,group,cold,main,20261001,73129,"[4.18798828125, 4.03125, 3.55078125]","{""load_average"": [4.18798828125, 4.03125, 3.55078125], ""Pages free"": 10577, ""Pages throttled"": 0, ""Pageouts"": 253441, ""Swapouts"": 1206130}",True,0.841719292,0.837195,135118848,31866880,135151616,0.04534962499747053,0.009859,0.435159167,0.0,6.3333e-05,64,824d3af0f5a10249cdced0440fd58546e3299cf6ce1e26d118b5bb1530adc7c3,2026-10-01T18:18:01.866790+00:00,2026-10-01T18:18:02.708765+00:00,"{""OMP_NUM_THREADS"": ""1"", ""OPENBLAS_NUM_THREADS"": ""1"", ""MKL_NUM_THREADS"": ""1"", ""VECLIB_MAXIMUM_THREADS"": ""1"", ""NUMEXPR_NUM_THREADS"": ""1""}",0,0.9113855839968892,"{""load_average"": [4.1728515625, 4.0302734375, 3.55322265625], ""Pages free"": 10584, ""Pages throttled"": 0, ""Pageouts"": 253442, ""Swapouts"": 1206130}","[4.1728515625, 4.0302734375, 3.55322265625]"
265,15,1000000,1,python,join,warm,main,20261001,73129,"[4.1728515625, 4.0302734375, 3.55322265625]","{""load_average"": [4.1728515625, 4.0302734375, 3.55322265625], ""Pages free"": 10803, ""Pages throttled"": 0, ""Pageouts"": 253442, ""Swapouts"": 1206130}",True,0.108114667,0.10782599999999998,288030720,31850496,288063488,0.04543266700056847,0.010038833,0.106082,0.103981917,5.6041e-05,8,9c4d4bed2506ea48344b9a1feb663161886647b4c790245fc45905fe3386c8e8,2026-10-01T18:18:02.785735+00:00,2026-10-01T18:18:03.161784+00:00,"{""OMP_NUM_THREADS"": ""1"", ""OPENBLAS_NUM_THREADS"": ""1"", ""MKL_NUM_THREADS"": ""1"", ""VECLIB_MAXIMUM_THREADS"": ""1"", ""NUMEXPR_NUM_THREADS"": ""1""}",0,0.4739616250008112,"{""load_average"": [4.1728515625, 4.0302734375, 3.55322265625], ""Pages free"": 20494, ""Pages throttled"": 0, ""Pageouts"": 253449, ""Swapouts"": 1206130}","[4.1728515625, 4.0302734375, 3.55322265625]"
266,15,1000000,1,python,group,cold,main,20261001,73129,"[4.1728515625, 4.0302734375, 3.55322265625]","{""load_average"": [4.1728515625, 4.0302734375, 3.55322265625], ""Pages free"": 20471, ""Pages throttled"": 0, ""Pageouts"": 253449, ""Swapouts"": 1206130}",True,0.1738045,0.17240899999999998,288309248,31948800,288342016,0.17060783299530158,0.010158166,0.090516417,0.0,5.6083e-05,64,824d3af0f5a10249cdced0440fd58546e3299cf6ce1e26d118b5bb1530adc7c3,2026-10-01T18:18:03.391802+00:00,2026-10-01T18:18:03.565848+00:00,"{""OMP_NUM_THREADS"": ""1"", ""OPENBLAS_NUM_THREADS"": ""1"", ""MKL_NUM_THREADS"": ""1"", ""VECLIB_MAXIMUM_THREADS"": ""1"", ""NUMEXPR_NUM_THREADS"": ""1""}",0,0.3990216669990332,"{""load_average"": [4.1728515625, 4.0302734375, 3.55322265625], ""Pages free"": 20104, ""Pages throttled"": 0, ""Pageouts"": 253449, ""Swapouts"": 1206130}","[4.1728515625, 4.0302734375, 3.55322265625]"
267,15,1000000,1,python,join,cold,main,20261001,73129,"[4.1728515625, 4.0302734375, 3.55322265625]","{""load_average"": [4.1728515625, 4.0302734375, 3.55322265625], ""Pages free"": 20074, ""Pages throttled"": 0, ""Pageouts"": 253449, ""Swapouts"": 1206130}",True,0.206787917,0.205197,288129024,31948800,288161792,0.04463016599765979,0.009935334,0.094106833,0.0,6.7417e-05,8,9c4d4bed2506ea48344b9a1feb663161886647b4c790245fc45905fe3386c8e8,2026-10-01T18:18:03.672362+00:00,2026-10-01T18:18:03.879513+00:00,"{""OMP_NUM_THREADS"": ""1"", ""OPENBLAS_NUM_THREADS"": ""1"", ""MKL_NUM_THREADS"": ""1"", ""VECLIB_MAXIMUM_THREADS"": ""1"", ""NUMEXPR_NUM_THREADS"": ""1""}",0,0.30483887500304263,"{""load_average"": [4.1728515625, 4.0302734375, 3.55322265625], ""Pages free"": 20914, ""Pages throttled"": 0, ""Pageouts"": 253511, ""Swapouts"": 1206130}","[4.1728515625, 4.0302734375, 3.55322265625]"
268,15,1000000,1,sqlite,join,cold,main,20261001,73129,"[4.1728515625, 4.0302734375, 3.55322265625]","{""load_average"": [4.1728515625, 4.0302734375, 3.55322265625], ""Pages free"": 20627, ""Pages throttled"": 0, ""Pageouts"": 253511, ""Swapouts"": 1206130}",True,0.768709917,0.764267,135315456,31981568,135348224,0.042336708000220824,0.009183459,0.439602041,0.0,7.9208e-05,8,9c4d4bed2506ea48344b9a1feb663161886647b4c790245fc45905fe3386c8e8,2026-10-01T18:18:03.982912+00:00,2026-10-01T18:18:04.751964+00:00,"{""OMP_NUM_THREADS"": ""1"", ""OPENBLAS_NUM_THREADS"": ""1"", ""MKL_NUM_THREADS"": ""1"", ""VECLIB_MAXIMUM_THREADS"": ""1"", ""NUMEXPR_NUM_THREADS"": ""1""}",0,0.8339341669998248,"{""load_average"": [4.1728515625, 4.0302734375, 3.55322265625], ""Pages free"": 20063, ""Pages throttled"": 0, ""Pageouts"": 253511, ""Swapouts"": 1206130}","[4.1728515625, 4.0302734375, 3.55322265625]"
269,15,1000000,1,pandas,filter,warm,main,20261001,73129,"[4.1728515625, 4.0302734375, 3.55322265625]","{""load_average"": [4.1728515625, 4.0302734375, 3.55322265625], ""Pages free"": 20034, ""Pages throttled"": 0, ""Pageouts"": 253511, ""Swapouts"": 1206130}",True,0.018133,0.01799899999999996,149848064,68976640,150011904,0.25124787499953527,0.008068583,0.000182542,0.021201459,0.028293625,113946,650d5b611ec563af2c2f8123abcefad606ffc91351ffe5b9d50dacbf0041e51e,2026-10-01T18:18:05.034742+00:00,2026-10-01T18:18:05.118308+00:00,"{""OMP_NUM_THREADS"": ""1"", ""OPENBLAS_NUM_THREADS"": ""1"", ""MKL_NUM_THREADS"": ""1"", ""VECLIB_MAXIMUM_THREADS"": ""1"", ""NUMEXPR_NUM_THREADS"": ""1""}",0,0.3775592499951017,"{""load_average"": [4.1728515625, 4.0302734375, 3.55322265625], ""Pages free"": 19017, ""Pages throttled"": 0, ""Pageouts"": 253511, ""Swapouts"": 1206130}","[4.1728515625, 4.0302734375, 3.55322265625]"
270,15,1000000,1,python,group,warm,main,20261001,73129,"[4.1728515625, 4.0302734375, 3.55322265625]","{""load_average"": [4.1728515625, 4.0302734375, 3.55322265625], ""Pages free"": 18997, ""Pages throttled"": 0, ""Pageouts"": 253511, ""Swapouts"": 1206130}",True,0.072134791,0.07185499999999995,288079872,31899648,288112640,0.051377915995544754,0.011275042,0.098646041,0.074581709,5.7125e-05,64,824d3af0f5a10249cdced0440fd58546e3299cf6ce1e26d118b5bb1530adc7c3,2026-10-01T18:18:05.222525+00:00,2026-10-01T18:18:05.527764+00:00,"{""OMP_NUM_THREADS"": ""1"", ""OPENBLAS_NUM_THREADS"": ""1"", ""MKL_NUM_THREADS"": ""1"", ""VECLIB_MAXIMUM_THREADS"": ""1"", ""NUMEXPR_NUM_THREADS"": ""1""}",0,0.41349362499749986,"{""load_average"": [4.1728515625, 4.0302734375, 3.55322265625], ""Pages free"": 23809, ""Pages throttled"": 0, ""Pageouts"": 253543, ""Swapouts"": 1206130}","[4.1728515625, 4.0302734375, 3.55322265625]"
